order_id,customer_id,product,city,amount,quantity,order_date
1,655,Laptop,Jakarta,16898.61,2,2026-02-27
2,143,Webcam,Jakarta,941.36,5,2026-01-23
3,605,Monitor,Jakarta,2119.19,2,2026-03-01
4,518,Headset,Jakarta,1254.12,5,2026-04-18
5,226,Monitor,Makassar,3112.76,1,2026-02-10
6,715,Monitor,Surabaya,3111.49,2,2026-03-28
7,105,Laptop,Medan,9160.6,3,2026-06-04
8,271,Laptop,Medan,14434.74,4,2026-01-21
9,566,Keyboard,Makassar,1351.09,3,2026-05-28
10,197,Webcam,Jakarta,436.66,2,2026-03-16
11,82,Mouse,Jakarta,252.05,4,2026-06-12
12,855,Keyboard,Bandung,681.24,2,2026-06-21
13,274,Webcam,Jakarta,887.3,2,2026-05-17
14,747,Mouse,Bandung,284.9,3,2026-06-13
15,705,Headset,Bandung,1463.84,1,2026-02-28
16,842,Laptop,Surabaya,12813.98,1,2026-02-24
17,936,Headset,Surabaya,661.47,4,2026-04-12
18,906,Webcam,Medan,514.3,2,2026-03-05
19,763,Headset,Makassar,746.66,5,2026-04-20
20,920,Headset,Medan,915.39,2,2026-05-11
21,506,Laptop,Jakarta,18333.23,2,2026-06-10
22,164,Webcam,Medan,877.13,4,2026-04-08
23,611,Monitor,Makassar,3005.66,5,2026-01-03
24,697,Webcam,Jakarta,945.37,5,2026-03-10
25,788,Webcam,Surabaya,489.24,4,2026-02-10
26,465,Laptop,Surabaya,19662.66,2,2026-05-10
27,935,Laptop,Surabaya,18100.03,5,2026-06-05
28,204,Mouse,Surabaya,405.0,5,2026-05-16
29,941,Laptop,Makassar,11889.87,1,2026-01-29
30,952,Keyboard,Surabaya,511.29,2,2026-05-26
31,970,Laptop,Jakarta,16782.89,1,2026-05-17
32,785,Mouse,Bandung,363.9,5,2026-02-12
33,272,Headset,Makassar,1019.33,2,2026-05-19
34,774,Webcam,Bandung,970.36,4,2026-06-21
35,666,Keyboard,Medan,1369.5,4,2026-01-31
36,254,Mouse,Jakarta,235.23,5,2026-05-22
37,236,Headset,Bandung,312.22,1,2026-02-28
38,70,Laptop,Surabaya,8850.29,2,2026-03-13
39,686,Monitor,Bandung,4156.94,5,2026-05-28
40,485,Mouse,Medan,423.0,2,2026-01-25
41,100,Webcam,Medan,683.44,4,2026-04-30
42,885,Webcam,Jakarta,938.69,1,2026-01-16
43,413,Webcam,Surabaya,1040.47,1,2026-03-05
44,197,Mouse,Makassar,279.45,4,2026-02-16
45,286,Monitor,Bandung,5497.94,1,2026-04-24
46,828,Headset,Jakarta,386.0,5,2026-01-04
47,993,Laptop,Bandung,9995.73,4,2026-05-04
48,219,Monitor,Jakarta,2658.55,1,2026-04-10
49,272,Monitor,Surabaya,3692.03,5,2026-06-19
50,736,Monitor,Bandung,2759.59,2,2026-01-15
51,594,Webcam,Makassar,448.77,3,2026-01-15
52,52,Headset,Medan,1154.85,5,2026-02-10
53,59,Headset,Jakarta,1747.28,1,2026-06-02
54,70,Webcam,Bandung,723.02,5,2026-03-05
55,593,Headset,Jakarta,1352.95,4,2026-06-18
56,598,Headset,Makassar,837.83,3,2026-02-22
57,686,Webcam,Surabaya,590.95,4,2026-02-03
58,688,Webcam,Surabaya,765.78,1,2026-01-03
59,470,Headset,Makassar,1993.36,1,2026-05-18
60,219,Headset,Surabaya,525.18,3,2026-01-18
61,901,Mouse,Surabaya,213.99,4,2026-05-20
62,721,Keyboard,Makassar,1479.01,5,2026-01-03
63,684,Headset,Surabaya,1883.99,1,2026-02-04
64,271,Laptop,Jakarta,16909.0,2,2026-03-11
65,289,Headset,Bandung,1519.94,2,2026-06-25
66,650,Keyboard,Makassar,835.09,1,2026-01-24
67,650,Monitor,Surabaya,2176.35,3,2026-02-03
68,653,Keyboard,Bandung,1163.6,5,2026-06-30
69,438,Headset,Jakarta,490.19,2,2026-05-20
70,37,Keyboard,Makassar,918.28,4,2026-02-02
71,43,Keyboard,Surabaya,1368.68,1,2026-04-02
72,216,Webcam,Bandung,933.55,3,2026-05-24
73,906,Monitor,Makassar,4997.91,2,2026-02-11
74,1000,Mouse,Medan,109.91,3,2026-04-16
75,822,Webcam,Bandung,613.44,1,2026-04-08
76,894,Laptop,Medan,10669.2,4,2026-03-31
77,313,Mouse,Bandung,109.47,2,2026-04-13
78,337,Keyboard,Jakarta,1456.96,3,2026-03-31
79,657,Headset,Medan,1455.18,5,2026-03-26
80,962,Laptop,Jakarta,18524.46,3,2026-02-15
81,595,Keyboard,Jakarta,340.92,4,2026-03-30
82,747,Keyboard,Medan,988.07,5,2026-01-30
83,395,Headset,Bandung,733.03,4,2026-01-01
84,533,Headset,Bandung,919.18,1,2026-06-20
85,943,Keyboard,Makassar,608.09,1,2026-03-18
86,520,Keyboard,Medan,624.04,3,2026-05-22
87,131,Mouse,Medan,365.97,4,2026-06-23
88,767,Mouse,Makassar,327.64,4,2026-05-21
89,854,Laptop,Surabaya,11442.96,4,2026-05-29
90,622,Webcam,Surabaya,771.99,4,2026-06-22
91,219,Headset,Medan,1649.35,2,2026-06-18
92,87,Keyboard,Makassar,1063.01,5,2026-03-27
93,96,Mouse,Surabaya,189.86,2,2026-02-07
94,26,Laptop,Bandung,19807.23,5,2026-01-19
95,467,Monitor,Makassar,2777.74,4,2026-05-07
96,410,Mouse,Bandung,362.42,1,2026-01-28
97,798,Monitor,Bandung,2703.55,5,2026-04-29
98,52,Headset,Bandung,1859.7,1,2026-04-27
99,137,Monitor,Makassar,5951.57,5,2026-03-23
100,973,Monitor,Makassar,5260.03,5,2026-04-20
101,851,Headset,Medan,1825.25,4,2026-04-26
102,266,Mouse,Surabaya,406.33,5,2026-05-05
103,642,Mouse,Surabaya,275.95,3,2026-03-02
104,279,Keyboard,Surabaya,1360.93,1,2026-02-05
105,155,Mouse,Medan,377.58,2,2026-01-17
106,425,Monitor,Surabaya,4170.44,4,2026-01-16
107,212,Monitor,Medan,5619.35,5,2026-06-28
108,21,Headset,Medan,1110.87,3,2026-03-18
109,772,Monitor,Medan,4152.88,5,2026-06-04
110,920,Mouse,Medan,187.77,4,2026-05-05
111,30,Monitor,Surabaya,4675.49,4,2026-02-12
112,861,Monitor,Bandung,5922.89,5,2026-01-07
113,929,Monitor,Makassar,4257.57,1,2026-01-22
114,659,Monitor,Bandung,5467.41,2,2026-01-13
115,267,Monitor,Surabaya,2846.64,3,2026-03-28
116,780,Monitor,Surabaya,5008.04,4,2026-03-06
117,855,Laptop,Medan,8232.6,5,2026-01-14
118,975,Keyboard,Bandung,1045.19,1,2026-01-08
119,973,Mouse,Bandung,435.69,5,2026-02-09
120,245,Mouse,Medan,367.78,5,2026-02-25
121,477,Webcam,Surabaya,1013.52,2,2026-06-05
122,622,Webcam,Jakarta,1022.23,2,2026-03-21
123,111,Headset,Jakarta,1879.11,5,2026-06-23
124,930,Monitor,Medan,5765.88,2,2026-01-20
125,607,Webcam,Bandung,481.52,3,2026-06-25
126,615,Laptop,Makassar,17391.62,3,2026-05-17
127,439,Webcam,Surabaya,455.17,3,2026-01-04
128,870,Monitor,Medan,2422.16,3,2026-06-12
129,913,Monitor,Bandung,3741.95,5,2026-06-16
130,277,Headset,Makassar,1616.89,4,2026-04-22
131,846,Webcam,Makassar,614.72,2,2026-01-23
132,286,Monitor,Bandung,5001.91,5,2026-06-06
133,685,Monitor,Surabaya,2114.8,3,2026-02-16
134,500,Mouse,Surabaya,419.13,3,2026-03-13
135,902,Headset,Surabaya,1244.84,5,2026-02-18
136,88,Mouse,Medan,295.43,2,2026-06-26
137,488,Webcam,Medan,758.54,1,2026-01-24
138,302,Mouse,Medan,376.71,3,2026-06-19
139,596,Keyboard,Medan,919.51,3,2026-04-19
140,764,Headset,Surabaya,898.08,4,2026-03-11
141,314,Keyboard,Bandung,356.85,2,2026-03-22
142,123,Webcam,Makassar,1160.7,2,2026-02-19
143,222,Webcam,Medan,621.2,5,2026-05-15
144,612,Keyboard,Jakarta,1282.42,3,2026-02-28
145,370,Mouse,Surabaya,105.66,5,2026-02-02
146,281,Laptop,Jakarta,14640.31,2,2026-06-13
147,890,Monitor,Jakarta,5490.88,5,2026-03-14
148,481,Monitor,Medan,3362.82,1,2026-03-06
149,964,Monitor,Jakarta,5288.46,4,2026-05-06
150,76,Headset,Jakarta,557.94,5,2026-03-19
151,88,Mouse,Jakarta,323.23,4,2026-06-05
152,611,Headset,Bandung,1618.68,4,2026-04-26
153,931,Monitor,Surabaya,5440.67,4,2026-03-20
154,583,Headset,Jakarta,1336.37,1,2026-02-23
155,641,Mouse,Surabaya,364.17,2,2026-03-03
156,178,Headset,Jakarta,566.11,4,2026-04-26
157,706,Headset,Medan,795.14,2,2026-03-15
158,724,Keyboard,Medan,292.53,2,2026-03-09
159,807,Webcam,Makassar,928.95,2,2026-04-19
160,118,Headset,Bandung,1400.98,3,2026-02-06
161,74,Laptop,Bandung,17511.54,5,2026-05-26
162,944,Keyboard,Medan,361.66,3,2026-06-29
163,413,Keyboard,Makassar,901.98,4,2026-01-21
164,613,Laptop,Medan,16814.41,5,2026-03-06
165,27,Laptop,Bandung,19542.93,5,2026-05-31
166,974,Laptop,Surabaya,14914.96,2,2026-05-01
167,532,Webcam,Medan,1132.86,2,2026-05-30
168,447,Webcam,Medan,1175.24,4,2026-03-31
169,419,Keyboard,Surabaya,1071.17,2,2026-03-26
170,422,Webcam,Medan,630.57,4,2026-05-21
171,38,Monitor,Jakarta,3258.07,3,2026-01-30
172,994,Monitor,Makassar,5299.71,1,2026-06-18
173,891,Headset,Medan,1002.52,2,2026-05-13
174,371,Headset,Medan,1363.19,1,2026-02-22
175,274,Headset,Bandung,1877.04,4,2026-06-28
176,497,Laptop,Jakarta,19677.76,5,2026-03-03
177,727,Mouse,Surabaya,320.34,5,2026-04-15
178,96,Mouse,Jakarta,284.58,1,2026-06-15
179,853,Mouse,Medan,473.06,3,2026-05-11
180,723,Keyboard,Medan,1285.14,4,2026-03-04
181,468,Headset,Bandung,952.1,5,2026-05-11
182,765,Mouse,Jakarta,210.5,4,2026-03-29
183,957,Headset,Surabaya,1694.93,3,2026-03-18
184,858,Headset,Makassar,1998.13,4,2026-02-08
185,458,Headset,Medan,886.71,5,2026-05-20
186,387,Monitor,Surabaya,5478.41,2,2026-05-27
187,393,Mouse,Medan,117.46,4,2026-06-30
188,936,Monitor,Medan,5953.66,2,2026-05-07
189,988,Laptop,Bandung,14027.49,5,2026-03-26
190,891,Laptop,Medan,9196.54,4,2026-01-04
191,740,Mouse,Medan,448.37,2,2026-01-20
192,481,Keyboard,Surabaya,1010.24,4,2026-06-16
193,83,Keyboard,Makassar,694.01,3,2026-06-10
194,736,Monitor,Makassar,2143.6,1,2026-03-02
195,647,Webcam,Surabaya,1197.94,1,2026-04-22
196,101,Webcam,Jakarta,754.94,3,2026-01-08
197,48,Keyboard,Jakarta,581.38,3,2026-04-21
198,150,Mouse,Makassar,264.82,2,2026-02-13
199,180,Laptop,Makassar,18450.08,5,2026-06-24
200,247,Monitor,Makassar,2572.47,4,2026-06-13
201,261,Monitor,Surabaya,4667.36,4,2026-03-15
202,694,Headset,Bandung,425.57,3,2026-05-31
203,307,Webcam,Medan,952.25,4,2026-03-19
204,204,Monitor,Medan,2426.61,4,2026-05-27
205,368,Headset,Surabaya,1987.58,3,2026-01-06
206,850,Webcam,Medan,619.58,5,2026-06-25
207,797,Webcam,Jakarta,1128.49,4,2026-03-15
208,795,Mouse,Makassar,420.77,2,2026-06-12
209,195,Headset,Surabaya,1452.2,2,2026-06-10
210,100,Webcam,Jakarta,647.15,4,2026-01-09
211,594,Keyboard,Bandung,317.17,3,2026-03-25
212,766,Monitor,Bandung,2803.18,5,2026-04-04
213,544,Headset,Surabaya,1711.8,3,2026-05-04
214,991,Keyboard,Surabaya,1245.5,4,2026-01-20
215,145,Mouse,Medan,486.91,5,2026-04-04
216,93,Monitor,Jakarta,3057.83,1,2026-04-27
217,378,Webcam,Surabaya,867.65,3,2026-01-28
218,692,Mouse,Medan,110.01,5,2026-03-25
219,938,Headset,Bandung,1401.01,4,2026-06-29
220,310,Webcam,Medan,493.34,1,2026-01-10
221,312,Monitor,Jakarta,2388.77,5,2026-02-04
222,398,Monitor,Surabaya,4681.94,5,2026-04-18
223,602,Webcam,Bandung,1108.33,1,2026-05-06
224,631,Monitor,Surabaya,2130.87,3,2026-02-25
225,455,Monitor,Bandung,5421.8,1,2026-06-25
226,377,Headset,Surabaya,402.94,3,2026-02-18
227,992,Laptop,Medan,9100.08,2,2026-06-14
228,655,Headset,Jakarta,385.98,3,2026-03-04
229,129,Headset,Bandung,416.64,5,2026-02-23
230,601,Mouse,Bandung,231.42,2,2026-06-02
231,3,Keyboard,Bandung,1483.79,5,2026-03-06
232,818,Mouse,Jakarta,364.42,1,2026-02-03
233,16,Keyboard,Bandung,965.51,1,2026-02-14
234,272,Laptop,Bandung,16900.62,5,2026-01-30
235,764,Laptop,Medan,13379.3,3,2026-05-12
236,608,Laptop,Medan,14046.06,5,2026-01-12
237,745,Webcam,Makassar,641.3,1,2026-01-16
238,491,Monitor,Medan,4744.39,4,2026-04-24
239,76,Laptop,Surabaya,15299.57,1,2026-02-02
240,282,Headset,Makassar,1232.21,3,2026-04-08
241,612,Headset,Surabaya,1071.32,5,2026-04-21
242,102,Webcam,Jakarta,1082.23,5,2026-02-25
243,441,Monitor,Bandung,3655.25,4,2026-04-13
244,426,Webcam,Jakarta,650.04,3,2026-06-20
245,262,Keyboard,Bandung,1092.87,4,2026-01-18
246,94,Laptop,Jakarta,13182.52,3,2026-02-03
247,570,Laptop,Makassar,19479.5,5,2026-03-26
248,687,Laptop,Medan,12243.18,4,2026-01-14
249,992,Keyboard,Makassar,606.18,1,2026-05-28
250,520,Mouse,Bandung,362.69,2,2026-01-28
251,359,Headset,Surabaya,495.31,3,2026-05-27
252,232,Monitor,Makassar,5898.19,5,2026-06-07
253,692,Webcam,Makassar,421.0,3,2026-01-08
254,185,Keyboard,Surabaya,1398.0,3,2026-01-02
255,186,Mouse,Makassar,362.94,1,2026-02-06
256,759,Webcam,Jakarta,473.41,5,2026-02-25
257,386,Monitor,Medan,3363.58,3,2026-03-21
258,739,Keyboard,Makassar,975.09,1,2026-02-09
259,162,Headset,Jakarta,1445.75,3,2026-04-24
260,678,Monitor,Medan,4428.3,4,2026-03-11
261,221,Headset,Jakarta,886.79,1,2026-03-14
262,695,Webcam,Makassar,789.31,3,2026-01-12
263,226,Monitor,Makassar,2219.13,2,2026-03-19
264,969,Mouse,Bandung,405.66,3,2026-03-25
265,123,Laptop,Medan,16964.17,2,2026-02-03
266,390,Headset,Bandung,1150.45,3,2026-01-19
267,407,Webcam,Jakarta,748.98,4,2026-01-20
268,883,Keyboard,Makassar,758.07,4,2026-06-13
269,428,Keyboard,Jakarta,726.54,3,2026-02-13
270,821,Headset,Medan,1714.44,3,2026-01-23
271,448,Laptop,Bandung,13228.12,4,2026-05-15
272,81,Monitor,Surabaya,4983.22,2,2026-03-27
273,798,Mouse,Jakarta,304.19,1,2026-05-16
274,523,Mouse,Surabaya,240.44,2,2026-03-02
275,106,Mouse,Surabaya,178.91,5,2026-02-09
276,779,Webcam,Jakarta,541.72,4,2026-04-29
277,773,Headset,Makassar,1063.14,5,2026-06-14
278,651,Headset,Surabaya,1769.22,3,2026-02-08
279,451,Laptop,Medan,13306.5,3,2026-03-12
280,606,Laptop,Surabaya,14088.04,3,2026-04-29
281,463,Laptop,Jakarta,12424.85,3,2026-01-20
282,661,Laptop,Makassar,15128.96,4,2026-04-29
283,595,Headset,Jakarta,1064.55,5,2026-06-16
284,193,Keyboard,Makassar,818.32,2,2026-01-16
285,462,Laptop,Surabaya,19788.63,1,2026-05-10
286,662,Mouse,Jakarta,199.1,4,2026-04-23
287,537,Headset,Makassar,569.87,3,2026-03-14
288,397,Monitor,Surabaya,4715.59,1,2026-06-11
289,663,Keyboard,Jakarta,628.6,5,2026-06-23
290,396,Keyboard,Surabaya,1140.85,5,2026-02-08
291,342,Laptop,Makassar,15963.35,3,2026-03-21
292,991,Webcam,Medan,503.16,1,2026-03-21
293,573,Monitor,Surabaya,5252.74,5,2026-01-24
294,662,Webcam,Medan,806.79,1,2026-04-03
295,317,Mouse,Bandung,236.69,4,2026-02-19
296,232,Mouse,Bandung,130.87,1,2026-05-10
297,790,Headset,Makassar,364.17,3,2026-06-08
298,135,Headset,Medan,562.23,2,2026-06-27
299,790,Headset,Bandung,1526.01,1,2026-04-16
300,374,Webcam,Bandung,1175.67,5,2026-03-14
301,771,Webcam,Medan,587.2,2,2026-03-21
302,989,Monitor,Bandung,3471.36,5,2026-04-23
303,473,Keyboard,Medan,853.78,4,2026-02-11
304,837,Mouse,Makassar,155.36,3,2026-01-14
305,657,Monitor,Surabaya,4218.16,1,2026-05-13
306,872,Laptop,Surabaya,9006.5,2,2026-03-11
307,461,Headset,Bandung,1712.78,1,2026-02-26
308,837,Monitor,Surabaya,5721.89,4,2026-01-14
309,406,Headset,Surabaya,700.82,1,2026-04-06
310,230,Laptop,Surabaya,19169.91,3,2026-02-07
311,141,Laptop,Surabaya,19008.75,4,2026-06-28
312,852,Mouse,Medan,279.44,1,2026-01-21
313,20,Keyboard,Bandung,1285.45,5,2026-06-05
314,541,Monitor,Jakarta,5104.69,2,2026-03-19
315,125,Laptop,Bandung,13037.91,5,2026-04-28
316,65,Laptop,Medan,15160.87,1,2026-06-11
317,528,Headset,Bandung,1521.53,3,2026-04-20
318,2,Headset,Surabaya,708.96,4,2026-02-17
319,681,Webcam,Jakarta,818.79,3,2026-01-18
320,977,Headset,Makassar,1162.46,5,2026-05-22
321,21,Monitor,Medan,2174.14,4,2026-04-06
322,260,Webcam,Jakarta,685.68,1,2026-03-30
323,247,Webcam,Jakarta,1017.2,3,2026-02-04
324,46,Keyboard,Makassar,640.11,2,2026-06-25
325,476,Webcam,Medan,905.39,2,2026-01-17
326,734,Monitor,Jakarta,3173.77,1,2026-02-21
327,908,Laptop,Surabaya,19200.45,5,2026-04-12
328,835,Headset,Medan,730.63,2,2026-03-15
329,366,Laptop,Surabaya,11278.6,3,2026-04-22
330,911,Monitor,Medan,5578.55,4,2026-03-28
331,998,Mouse,Medan,376.83,3,2026-05-13
332,274,Laptop,Medan,8947.12,5,2026-02-16
333,559,Keyboard,Surabaya,333.38,3,2026-06-19
334,303,Keyboard,Medan,983.41,4,2026-02-12
335,707,Monitor,Surabaya,3788.52,3,2026-06-07
336,446,Keyboard,Jakarta,297.55,4,2026-04-04
337,526,Webcam,Bandung,1162.23,2,2026-06-05
338,695,Monitor,Jakarta,2504.92,2,2026-06-15
339,376,Keyboard,Medan,1434.31,1,2026-06-04
340,158,Webcam,Medan,1159.06,3,2026-04-24
341,782,Laptop,Makassar,9652.34,3,2026-04-12
342,322,Webcam,Surabaya,599.69,1,2026-01-07
343,754,Mouse,Medan,307.1,5,2026-01-31
344,269,Keyboard,Medan,478.94,5,2026-03-15
345,711,Monitor,Bandung,2490.55,1,2026-04-26
346,177,Webcam,Medan,1197.81,3,2026-06-20
347,356,Webcam,Jakarta,840.0,3,2026-03-18
348,872,Mouse,Bandung,417.48,5,2026-02-27
349,125,Mouse,Bandung,194.69,4,2026-01-07
350,370,Headset,Makassar,927.15,5,2026-02-03
351,627,Laptop,Jakarta,11711.49,4,2026-05-15
352,421,Monitor,Makassar,2295.0,3,2026-06-14
353,76,Monitor,Medan,4720.44,3,2026-02-02
354,900,Headset,Makassar,609.34,2,2026-04-21
355,515,Laptop,Jakarta,14217.23,3,2026-02-12
356,166,Keyboard,Bandung,649.83,5,2026-03-14
357,867,Laptop,Surabaya,10355.62,5,2026-03-12
358,129,Webcam,Surabaya,891.54,1,2026-05-09
359,657,Mouse,Makassar,476.64,2,2026-02-13
360,675,Headset,Makassar,873.95,5,2026-01-11
361,846,Laptop,Jakarta,8545.54,5,2026-03-09
362,667,Mouse,Makassar,266.63,1,2026-05-08
363,911,Webcam,Makassar,631.74,3,2026-05-04
364,251,Webcam,Medan,637.95,1,2026-06-26
365,62,Mouse,Medan,266.25,4,2026-02-22
366,349,Headset,Bandung,831.39,3,2026-03-30
367,999,Monitor,Bandung,5042.66,5,2026-05-24
368,109,Keyboard,Bandung,806.41,3,2026-04-26
369,254,Mouse,Jakarta,120.24,4,2026-06-07
370,429,Mouse,Bandung,425.39,5,2026-03-22
371,195,Mouse,Medan,498.39,4,2026-05-08
372,901,Keyboard,Medan,230.13,4,2026-05-10
373,469,Mouse,Bandung,333.34,1,2026-01-13
374,289,Monitor,Makassar,5529.36,4,2026-03-15
375,550,Laptop,Jakarta,13171.13,3,2026-04-04
376,783,Monitor,Surabaya,2180.97,1,2026-05-26
377,576,Mouse,Surabaya,321.29,1,2026-04-09
378,517,Monitor,Makassar,3118.88,5,2026-06-24
379,626,Laptop,Bandung,19700.99,4,2026-04-06
380,814,Keyboard,Makassar,1420.63,2,2026-02-20
381,617,Headset,Medan,1150.13,1,2026-01-10
382,141,Webcam,Surabaya,1043.17,5,2026-04-27
383,153,Headset,Makassar,537.63,5,2026-03-23
384,167,Monitor,Makassar,4957.28,3,2026-06-01
385,345,Headset,Makassar,1204.98,5,2026-03-18
386,487,Laptop,Surabaya,11974.88,1,2026-04-17
387,598,Keyboard,Jakarta,975.98,3,2026-06-17
388,802,Headset,Makassar,686.82,1,2026-05-30
389,492,Mouse,Makassar,351.61,5,2026-04-08
390,152,Webcam,Bandung,425.26,1,2026-02-18
391,20,Monitor,Surabaya,3675.12,4,2026-06-26
392,209,Monitor,Makassar,5099.89,4,2026-01-16
393,723,Mouse,Makassar,182.94,3,2026-06-19
394,490,Headset,Medan,833.38,2,2026-04-28
395,935,Headset,Surabaya,1228.66,3,2026-06-06
396,496,Mouse,Bandung,211.6,3,2026-02-27
397,965,Keyboard,Surabaya,1116.37,4,2026-03-23
398,492,Keyboard,Makassar,1413.81,3,2026-03-15
399,125,Headset,Makassar,945.48,4,2026-03-30
400,978,Mouse,Surabaya,116.83,1,2026-03-30
401,947,Monitor,Surabaya,4989.35,2,2026-02-21
402,848,Headset,Surabaya,1886.14,3,2026-02-05
403,112,Headset,Makassar,706.78,1,2026-06-21
404,927,Headset,Bandung,1384.51,1,2026-01-26
405,424,Keyboard,Medan,330.71,2,2026-01-02
406,988,Headset,Bandung,991.74,4,2026-05-03
407,667,Mouse,Surabaya,228.47,1,2026-01-23
408,668,Headset,Bandung,1209.76,1,2026-02-14
409,428,Mouse,Jakarta,498.87,4,2026-05-07
410,191,Webcam,Surabaya,1101.39,1,2026-03-18
411,582,Headset,Jakarta,1878.37,3,2026-03-14
412,466,Webcam,Makassar,819.45,2,2026-05-10
413,480,Keyboard,Bandung,1251.46,3,2026-02-11
414,749,Monitor,Surabaya,4874.39,1,2026-03-28
415,810,Keyboard,Makassar,1076.72,2,2026-02-14
416,626,Webcam,Medan,1061.59,5,2026-03-25
417,89,Monitor,Jakarta,2739.12,2,2026-05-03
418,332,Mouse,Jakarta,204.31,2,2026-04-25
419,772,Keyboard,Surabaya,592.53,5,2026-01-03
420,268,Webcam,Surabaya,954.21,1,2026-06-20
421,122,Monitor,Surabaya,2638.87,5,2026-06-30
422,789,Keyboard,Jakarta,1030.32,3,2026-04-05
423,630,Mouse,Bandung,482.94,4,2026-02-09
424,466,Webcam,Makassar,698.9,5,2026-05-01
425,776,Headset,Bandung,1595.16,5,2026-01-21
426,539,Monitor,Makassar,4815.06,1,2026-05-25
427,115,Laptop,Makassar,18834.66,2,2026-05-27
428,550,Mouse,Bandung,231.25,5,2026-04-24
429,120,Webcam,Bandung,973.53,4,2026-01-24
430,921,Headset,Medan,1674.78,4,2026-02-03
431,526,Monitor,Medan,4255.64,5,2026-04-29
432,689,Keyboard,Jakarta,714.73,1,2026-02-25
433,593,Laptop,Jakarta,13084.37,1,2026-05-19
434,62,Laptop,Medan,8380.82,4,2026-02-16
435,788,Mouse,Medan,249.78,4,2026-04-25
436,891,Monitor,Medan,2321.0,5,2026-02-04
437,670,Keyboard,Jakarta,432.02,5,2026-04-11
438,542,Mouse,Bandung,433.93,1,2026-03-18
439,475,Webcam,Makassar,739.3,4,2026-02-28
440,254,Monitor,Surabaya,2620.49,2,2026-01-29
441,33,Webcam,Medan,891.94,1,2026-03-03
442,212,Laptop,Jakarta,15127.33,4,2026-06-03
443,689,Webcam,Jakarta,595.79,1,2026-04-13
444,450,Mouse,Makassar,186.91,1,2026-02-05
445,516,Keyboard,Bandung,1260.52,5,2026-03-23
446,592,Headset,Surabaya,702.74,2,2026-06-19
447,534,Mouse,Medan,220.2,1,2026-05-23
448,972,Headset,Bandung,1364.19,4,2026-05-23
449,508,Laptop,Surabaya,19299.04,4,2026-05-15
450,327,Webcam,Medan,726.61,3,2026-04-07
451,189,Headset,Medan,709.65,2,2026-03-18
452,879,Webcam,Bandung,1044.62,1,2026-05-24
453,423,Monitor,Makassar,4119.97,4,2026-03-04
454,262,Mouse,Surabaya,358.68,4,2026-04-05
455,95,Headset,Bandung,387.61,4,2026-06-22
456,620,Headset,Jakarta,1785.15,2,2026-05-31
457,742,Webcam,Makassar,573.61,2,2026-03-27
458,311,Laptop,Bandung,19245.92,1,2026-05-03
459,937,Mouse,Makassar,381.51,4,2026-03-03
460,566,Keyboard,Surabaya,694.86,5,2026-06-16
461,368,Keyboard,Surabaya,667.54,4,2026-04-30
462,101,Webcam,Medan,1009.3,3,2026-02-22
463,380,Keyboard,Medan,259.43,2,2026-02-07
464,17,Keyboard,Makassar,1415.19,5,2026-04-17
465,303,Mouse,Bandung,231.95,4,2026-05-26
466,854,Mouse,Medan,320.26,3,2026-03-07
467,782,Monitor,Medan,3843.32,3,2026-02-13
468,144,Webcam,Makassar,790.65,5,2026-06-14
469,981,Laptop,Makassar,8405.89,1,2026-06-21
470,50,Laptop,Medan,9649.9,2,2026-01-18
471,725,Mouse,Jakarta,187.49,4,2026-04-06
472,62,Headset,Makassar,1851.68,4,2026-01-05
473,7,Headset,Makassar,999.28,1,2026-05-16
474,740,Keyboard,Makassar,1470.72,1,2026-05-09
475,833,Webcam,Medan,1044.93,2,2026-01-28
476,941,Laptop,Makassar,9786.77,2,2026-06-08
477,540,Keyboard,Surabaya,547.52,4,2026-01-21
478,383,Monitor,Medan,4260.01,2,2026-03-18
479,701,Laptop,Jakarta,9122.01,4,2026-04-07
480,566,Monitor,Jakarta,4546.99,2,2026-01-22
481,512,Monitor,Surabaya,4263.43,1,2026-05-16
482,942,Laptop,Bandung,10537.0,5,2026-05-02
483,278,Laptop,Jakarta,16213.14,3,2026-05-20
484,578,Webcam,Jakarta,543.48,3,2026-01-05
485,985,Mouse,Makassar,157.68,4,2026-01-20
486,307,Mouse,Makassar,196.19,4,2026-06-23
487,919,Headset,Surabaya,952.54,2,2026-06-26
488,742,Laptop,Makassar,16945.48,3,2026-01-14
489,101,Monitor,Bandung,5354.7,3,2026-06-04
490,788,Headset,Makassar,974.4,3,2026-01-08
491,650,Keyboard,Medan,837.78,3,2026-05-22
492,964,Monitor,Medan,2742.95,5,2026-06-19
493,390,Laptop,Makassar,11544.55,2,2026-01-19
494,85,Keyboard,Bandung,694.0,2,2026-04-10
495,325,Keyboard,Jakarta,318.98,3,2026-04-24
496,369,Keyboard,Jakarta,372.26,2,2026-04-21
497,460,Headset,Makassar,1171.15,1,2026-01-07
498,92,Keyboard,Makassar,320.98,5,2026-03-25
499,885,Monitor,Jakarta,3167.39,4,2026-01-22
500,743,Headset,Bandung,1272.33,2,2026-06-25
501,390,Mouse,Bandung,207.57,3,2026-05-07
502,150,Laptop,Bandung,13216.12,4,2026-03-18
503,496,Laptop,Surabaya,11020.4,2,2026-06-10
504,508,Headset,Makassar,632.43,1,2026-02-04
505,312,Laptop,Medan,11986.61,5,2026-04-08
506,824,Keyboard,Medan,635.16,5,2026-02-04
507,308,Keyboard,Makassar,1431.46,2,2026-05-03
508,322,Mouse,Medan,487.49,3,2026-06-27
509,649,Monitor,Makassar,5127.9,3,2026-04-07
510,288,Monitor,Surabaya,2455.55,5,2026-02-21
511,607,Headset,Bandung,1458.91,5,2026-01-07
512,976,Webcam,Medan,1154.38,2,2026-04-23
513,817,Keyboard,Jakarta,1264.66,4,2026-06-22
514,512,Mouse,Surabaya,196.81,2,2026-04-19
515,809,Monitor,Jakarta,3796.27,5,2026-05-03
516,597,Monitor,Makassar,4026.45,4,2026-05-20
517,38,Keyboard,Makassar,971.97,1,2026-01-28
518,788,Mouse,Surabaya,166.54,5,2026-01-12
519,577,Webcam,Medan,1173.45,3,2026-04-21
520,109,Laptop,Jakarta,11104.86,5,2026-05-13
521,572,Headset,Makassar,675.75,3,2026-04-11
522,475,Webcam,Makassar,952.35,2,2026-03-30
523,26,Monitor,Jakarta,3181.73,1,2026-01-30
524,852,Webcam,Bandung,678.66,3,2026-04-27
525,804,Mouse,Makassar,293.17,4,2026-01-25
526,449,Webcam,Medan,655.13,3,2026-01-12
527,830,Webcam,Jakarta,418.07,3,2026-06-15
528,112,Webcam,Bandung,1143.94,2,2026-05-13
529,179,Headset,Bandung,862.68,4,2026-04-29
530,238,Monitor,Bandung,2745.55,4,2026-04-12
531,30,Webcam,Makassar,1106.48,4,2026-06-01
532,440,Monitor,Jakarta,4818.94,2,2026-03-13
533,771,Webcam,Jakarta,861.88,5,2026-02-17
534,375,Keyboard,Bandung,794.82,3,2026-06-21
535,884,Monitor,Makassar,5863.67,3,2026-06-02
536,398,Headset,Medan,1297.91,3,2026-04-01
537,866,Monitor,Makassar,2690.11,3,2026-06-07
538,605,Laptop,Bandung,11758.23,2,2026-03-20
539,120,Mouse,Surabaya,377.37,5,2026-04-10
540,429,Headset,Bandung,1277.17,4,2026-02-17
541,499,Webcam,Makassar,954.75,2,2026-05-23
542,171,Monitor,Surabaya,2561.19,3,2026-04-26
543,635,Laptop,Surabaya,19422.1,4,2026-02-04
544,200,Monitor,Makassar,4021.75,4,2026-04-15
545,702,Monitor,Medan,4840.57,4,2026-05-06
546,172,Laptop,Makassar,8370.33,2,2026-03-16
547,34,Keyboard,Bandung,898.89,2,2026-04-28
548,580,Webcam,Medan,839.78,1,2026-05-27
549,117,Keyboard,Makassar,1270.27,3,2026-05-19
550,843,Laptop,Medan,14556.24,4,2026-01-27
551,754,Webcam,Bandung,638.17,1,2026-04-26
552,270,Keyboard,Jakarta,770.79,1,2026-03-02
553,215,Webcam,Makassar,951.31,5,2026-06-11
554,439,Mouse,Makassar,155.69,2,2026-02-22
555,825,Laptop,Makassar,12209.79,3,2026-06-02
556,552,Mouse,Surabaya,491.6,3,2026-03-16
557,587,Keyboard,Makassar,1481.13,1,2026-02-04
558,986,Monitor,Jakarta,5969.94,2,2026-06-29
559,887,Mouse,Bandung,158.5,3,2026-03-05
560,780,Webcam,Medan,791.57,5,2026-06-11
561,276,Webcam,Medan,700.14,1,2026-06-12
562,814,Laptop,Medan,14187.36,3,2026-06-27
563,959,Keyboard,Medan,1435.33,3,2026-05-29
564,3,Webcam,Jakarta,984.75,4,2026-06-12
565,681,Webcam,Surabaya,1080.08,5,2026-04-12
566,224,Monitor,Bandung,3978.86,3,2026-03-14
567,346,Headset,Makassar,522.01,4,2026-03-29
568,916,Webcam,Jakarta,436.75,4,2026-01-05
569,128,Mouse,Medan,282.61,4,2026-02-21
570,706,Mouse,Surabaya,163.59,3,2026-01-24
571,671,Keyboard,Surabaya,307.15,2,2026-01-14
572,406,Webcam,Surabaya,980.79,2,2026-04-20
573,672,Laptop,Jakarta,8013.04,4,2026-01-20
574,136,Headset,Bandung,1183.06,4,2026-01-03
575,9,Webcam,Surabaya,1053.69,4,2026-06-27
576,136,Monitor,Jakarta,2915.79,1,2026-01-27
577,106,Keyboard,Surabaya,1345.29,2,2026-04-08
578,793,Mouse,Bandung,127.36,5,2026-01-03
579,625,Webcam,Bandung,752.08,2,2026-06-10
580,767,Mouse,Medan,346.43,4,2026-02-25
581,89,Laptop,Bandung,17029.35,5,2026-04-09
582,360,Monitor,Surabaya,5164.31,2,2026-03-12
583,661,Laptop,Bandung,14640.76,5,2026-06-05
584,292,Webcam,Jakarta,1078.31,3,2026-02-22
585,531,Headset,Makassar,620.7,4,2026-03-17
586,662,Laptop,Bandung,13938.65,1,2026-03-03
587,512,Webcam,Makassar,456.81,1,2026-04-03
588,957,Keyboard,Bandung,702.89,5,2026-04-18
589,375,Headset,Bandung,1596.63,1,2026-01-05
590,602,Laptop,Jakarta,11146.22,1,2026-01-16
591,972,Monitor,Makassar,3145.95,5,2026-04-17
592,434,Webcam,Medan,465.94,5,2026-05-18
593,631,Mouse,Surabaya,133.44,1,2026-05-11
594,944,Mouse,Bandung,314.56,4,2026-05-31
595,650,Webcam,Jakarta,648.14,4,2026-03-03
596,60,Mouse,Jakarta,469.85,1,2026-04-27
597,627,Headset,Jakarta,825.79,2,2026-01-31
598,13,Webcam,Bandung,961.2,2,2026-05-08
599,976,Keyboard,Makassar,872.39,3,2026-02-12
600,381,Mouse,Surabaya,393.17,1,2026-01-08
601,344,Monitor,Surabaya,4095.42,3,2026-05-28
602,643,Laptop,Medan,13462.37,3,2026-01-15
603,512,Headset,Bandung,925.07,3,2026-01-27
604,916,Headset,Jakarta,688.29,5,2026-01-01
605,46,Laptop,Bandung,8551.78,3,2026-04-09
606,943,Mouse,Bandung,472.46,1,2026-05-22
607,823,Webcam,Medan,579.61,2,2026-04-17
608,938,Webcam,Surabaya,617.01,1,2026-05-27
609,382,Laptop,Makassar,16079.91,1,2026-02-15
610,229,Headset,Jakarta,1921.93,1,2026-04-30
611,887,Keyboard,Surabaya,625.49,5,2026-04-27
612,9,Keyboard,Bandung,579.07,3,2026-06-09
613,249,Monitor,Surabaya,4366.76,4,2026-02-20
614,751,Headset,Bandung,555.96,4,2026-01-07
615,239,Headset,Surabaya,1381.1,1,2026-03-27
616,2,Webcam,Medan,1079.2,3,2026-01-27
617,211,Headset,Bandung,1013.69,1,2026-02-06
618,729,Keyboard,Jakarta,257.07,2,2026-05-14
619,423,Webcam,Surabaya,766.77,1,2026-05-29
620,98,Headset,Bandung,1383.27,4,2026-01-20
621,607,Headset,Jakarta,1039.47,2,2026-03-02
622,299,Keyboard,Surabaya,1403.85,4,2026-06-29
623,852,Webcam,Surabaya,654.45,3,2026-03-01
624,77,Mouse,Bandung,411.97,5,2026-01-28
625,160,Laptop,Bandung,13394.8,3,2026-04-15
626,124,Headset,Surabaya,1939.88,2,2026-04-26
627,316,Monitor,Surabaya,5409.93,1,2026-02-10
628,827,Webcam,Surabaya,1061.11,5,2026-01-11
629,221,Keyboard,Bandung,318.58,2,2026-04-02
630,406,Headset,Jakarta,1451.21,3,2026-02-14
631,32,Monitor,Medan,4223.82,5,2026-03-05
632,97,Monitor,Jakarta,5215.59,2,2026-02-01
633,13,Laptop,Bandung,9568.58,4,2026-04-06
634,703,Webcam,Jakarta,865.86,3,2026-01-20
635,23,Laptop,Bandung,18829.95,4,2026-02-02
636,95,Keyboard,Jakarta,255.51,4,2026-01-13
637,173,Headset,Medan,1696.87,4,2026-05-08
638,31,Monitor,Medan,2691.23,2,2026-02-17
639,282,Keyboard,Medan,1348.45,1,2026-06-07
640,635,Headset,Bandung,1400.37,4,2026-04-16
641,904,Headset,Medan,403.66,3,2026-04-09
642,141,Monitor,Bandung,4570.61,5,2026-03-05
643,646,Headset,Jakarta,1981.99,3,2026-05-03
644,558,Monitor,Surabaya,5650.71,5,2026-03-24
645,398,Keyboard,Bandung,233.88,5,2026-02-26
646,31,Keyboard,Jakarta,1251.25,4,2026-05-16
647,367,Headset,Bandung,1955.77,1,2026-03-05
648,673,Mouse,Surabaya,313.48,1,2026-02-26
649,590,Monitor,Surabaya,5740.82,2,2026-02-15
650,243,Headset,Surabaya,1670.56,3,2026-06-01
651,29,Webcam,Surabaya,1158.05,5,2026-02-06
652,577,Mouse,Medan,316.85,2,2026-05-06
653,39,Laptop,Jakarta,10791.48,2,2026-01-06
654,540,Monitor,Jakarta,3326.94,5,2026-02-21
655,826,Mouse,Surabaya,386.78,3,2026-01-16
656,23,Mouse,Makassar,381.88,2,2026-01-29
657,867,Headset,Surabaya,1932.95,3,2026-06-30
658,965,Webcam,Medan,868.81,3,2026-03-19
659,331,Mouse,Bandung,392.94,4,2026-06-13
660,984,Monitor,Surabaya,2696.81,5,2026-06-27
661,911,Headset,Surabaya,679.5,5,2026-02-14
662,388,Keyboard,Surabaya,365.55,1,2026-06-29
663,972,Headset,Medan,1746.29,5,2026-01-09
664,187,Headset,Surabaya,1865.76,5,2026-02-26
665,655,Headset,Jakarta,1892.37,2,2026-03-26
666,764,Laptop,Bandung,12161.72,3,2026-02-12
667,652,Laptop,Surabaya,13359.56,3,2026-02-23
668,256,Webcam,Jakarta,680.38,1,2026-01-01
669,50,Monitor,Medan,4930.34,2,2026-04-16
670,505,Monitor,Surabaya,4184.1,1,2026-05-03
671,808,Headset,Bandung,576.52,1,2026-01-09
672,302,Laptop,Surabaya,11133.53,1,2026-01-19
673,351,Mouse,Medan,164.36,1,2026-05-21
674,965,Laptop,Surabaya,15128.37,5,2026-05-04
675,722,Laptop,Medan,19309.31,2,2026-06-05
676,912,Monitor,Bandung,2214.22,3,2026-02-22
677,998,Mouse,Medan,378.88,5,2026-03-09
678,677,Keyboard,Surabaya,508.81,1,2026-04-11
679,586,Headset,Medan,561.1,3,2026-01-01
680,438,Laptop,Surabaya,17886.77,5,2026-05-03
681,205,Laptop,Jakarta,10483.44,3,2026-01-21
682,485,Laptop,Surabaya,17418.52,4,2026-05-06
683,917,Webcam,Surabaya,472.91,5,2026-04-10
684,190,Keyboard,Medan,680.22,4,2026-01-12
685,270,Monitor,Medan,3053.6,3,2026-05-25
686,64,Mouse,Jakarta,134.28,3,2026-05-19
687,424,Headset,Bandung,1241.12,4,2026-05-14
688,429,Headset,Medan,1273.61,2,2026-05-02
689,307,Laptop,Medan,18833.33,1,2026-05-09
690,585,Headset,Makassar,1451.81,5,2026-02-07
691,124,Monitor,Bandung,5796.25,2,2026-02-24
692,828,Mouse,Bandung,117.07,1,2026-06-24
693,446,Mouse,Bandung,433.64,3,2026-03-23
694,933,Webcam,Jakarta,469.62,5,2026-04-12
695,566,Keyboard,Surabaya,875.59,1,2026-06-29
696,639,Headset,Makassar,1628.87,1,2026-04-17
697,154,Mouse,Makassar,335.17,1,2026-01-28
698,577,Laptop,Surabaya,18409.7,3,2026-04-16
699,271,Monitor,Medan,4288.09,4,2026-01-10
700,177,Keyboard,Medan,387.01,5,2026-06-24
701,711,Monitor,Jakarta,3583.17,3,2026-06-26
702,244,Laptop,Medan,19050.02,3,2026-01-06
703,346,Keyboard,Surabaya,564.45,4,2026-06-28
704,702,Laptop,Bandung,9612.63,4,2026-03-24
705,276,Webcam,Medan,883.98,1,2026-02-18
706,453,Mouse,Medan,396.38,5,2026-04-06
707,841,Laptop,Makassar,17497.88,1,2026-03-21
708,727,Headset,Medan,530.6,5,2026-05-26
709,30,Mouse,Bandung,450.07,2,2026-01-15
710,256,Laptop,Medan,8606.71,3,2026-06-30
711,204,Keyboard,Surabaya,1270.56,5,2026-04-12
712,651,Laptop,Jakarta,10903.26,4,2026-06-02
713,457,Mouse,Medan,334.75,3,2026-03-30
714,168,Keyboard,Jakarta,570.59,4,2026-01-13
715,167,Headset,Bandung,1757.09,2,2026-06-23
716,212,Keyboard,Medan,867.27,1,2026-05-02
717,934,Mouse,Bandung,340.46,1,2026-02-27
718,259,Headset,Surabaya,1511.66,3,2026-04-19
719,917,Monitor,Surabaya,3835.99,2,2026-04-30
720,310,Webcam,Makassar,1059.45,4,2026-05-30
721,105,Laptop,Makassar,19993.15,3,2026-05-24
722,663,Headset,Makassar,780.55,1,2026-05-04
723,66,Keyboard,Surabaya,1032.77,3,2026-03-08
724,672,Webcam,Surabaya,550.69,5,2026-03-03
725,922,Laptop,Makassar,12849.18,3,2026-06-24
726,144,Webcam,Jakarta,924.32,3,2026-03-08
727,929,Monitor,Medan,3553.1,1,2026-05-30
728,726,Headset,Bandung,883.38,2,2026-06-25
729,548,Webcam,Medan,1125.22,3,2026-05-10
730,308,Mouse,Makassar,172.45,1,2026-05-01
731,132,Webcam,Surabaya,980.15,5,2026-02-16
732,970,Webcam,Surabaya,923.55,2,2026-04-01
733,229,Webcam,Surabaya,736.38,3,2026-04-06
734,267,Headset,Surabaya,1088.39,1,2026-05-01
735,55,Webcam,Makassar,864.25,5,2026-01-19
736,484,Mouse,Makassar,147.93,4,2026-05-16
737,306,Monitor,Jakarta,5483.4,2,2026-02-05
738,206,Keyboard,Medan,1483.35,4,2026-02-06
739,324,Webcam,Bandung,1023.15,4,2026-03-27
740,647,Mouse,Surabaya,353.8,1,2026-04-26
741,281,Mouse,Bandung,330.51,2,2026-05-06
742,805,Laptop,Bandung,15373.76,4,2026-04-14
743,440,Monitor,Medan,2018.68,5,2026-02-21
744,749,Keyboard,Jakarta,1359.61,5,2026-02-18
745,19,Webcam,Jakarta,901.35,2,2026-02-27
746,711,Keyboard,Surabaya,367.61,4,2026-05-09
747,603,Keyboard,Bandung,284.87,1,2026-03-18
748,972,Keyboard,Medan,1146.18,5,2026-05-15
749,346,Monitor,Bandung,3370.93,4,2026-04-02
750,769,Mouse,Bandung,479.23,4,2026-01-05
751,234,Mouse,Bandung,184.48,1,2026-05-31
752,517,Mouse,Jakarta,246.64,1,2026-04-07
753,898,Webcam,Surabaya,1017.0,5,2026-01-13
754,609,Laptop,Jakarta,15842.81,1,2026-01-13
755,707,Laptop,Medan,13331.77,1,2026-05-21
756,259,Monitor,Bandung,2821.98,1,2026-03-19
757,431,Webcam,Jakarta,929.99,3,2026-06-09
758,621,Webcam,Bandung,735.06,1,2026-05-11
759,737,Headset,Jakarta,780.6,1,2026-05-08
760,204,Headset,Bandung,1622.53,5,2026-02-21
761,367,Webcam,Medan,636.28,1,2026-05-21
762,509,Mouse,Medan,232.24,1,2026-01-04
763,688,Laptop,Jakarta,18022.79,4,2026-02-08
764,973,Laptop,Makassar,8900.58,1,2026-03-07
765,660,Mouse,Medan,495.47,3,2026-03-09
766,476,Laptop,Jakarta,17758.14,1,2026-03-16
767,369,Webcam,Surabaya,740.8,1,2026-01-25
768,872,Laptop,Jakarta,18223.98,2,2026-03-26
769,367,Monitor,Makassar,3073.24,1,2026-04-06
770,835,Keyboard,Bandung,347.98,4,2026-04-27
771,279,Monitor,Medan,5199.6,2,2026-01-29
772,136,Webcam,Jakarta,1185.26,2,2026-01-27
773,427,Headset,Medan,1663.85,4,2026-02-16
774,626,Monitor,Surabaya,4445.43,2,2026-05-04
775,943,Monitor,Jakarta,5550.38,4,2026-01-12
776,65,Keyboard,Surabaya,216.07,5,2026-05-28
777,742,Headset,Bandung,1962.42,3,2026-05-13
778,536,Webcam,Makassar,476.19,2,2026-05-04
779,355,Webcam,Medan,518.92,5,2026-06-06
780,56,Laptop,Bandung,14066.81,4,2026-05-07
781,891,Mouse,Jakarta,400.57,3,2026-03-03
782,339,Keyboard,Jakarta,859.01,5,2026-06-14
783,388,Monitor,Bandung,2315.32,4,2026-05-27
784,459,Laptop,Medan,13364.82,1,2026-05-08
785,764,Webcam,Jakarta,482.11,4,2026-01-10
786,571,Headset,Jakarta,1704.04,5,2026-06-08
787,653,Keyboard,Makassar,931.03,4,2026-03-29
788,373,Laptop,Bandung,18131.81,3,2026-05-24
789,786,Headset,Makassar,1104.33,3,2026-04-26
790,117,Laptop,Bandung,8026.36,3,2026-06-12
791,988,Keyboard,Makassar,878.58,1,2026-01-12
792,919,Mouse,Medan,156.18,4,2026-01-28
793,261,Headset,Bandung,618.82,4,2026-02-25
794,469,Mouse,Surabaya,143.11,4,2026-01-12
795,949,Webcam,Makassar,498.58,4,2026-04-28
796,675,Headset,Makassar,528.88,4,2026-01-02
797,544,Webcam,Jakarta,842.58,4,2026-05-30
798,495,Headset,Bandung,1476.09,2,2026-02-02
799,107,Monitor,Makassar,4424.64,3,2026-05-10
800,903,Monitor,Medan,5918.0,2,2026-03-12
801,408,Keyboard,Surabaya,788.7,2,2026-02-05
802,423,Headset,Makassar,808.15,5,2026-03-22
803,729,Webcam,Makassar,906.07,2,2026-02-23
804,640,Webcam,Surabaya,949.29,2,2026-06-16
805,999,Mouse,Makassar,317.0,3,2026-01-30
806,780,Keyboard,Makassar,824.48,5,2026-06-20
807,728,Monitor,Makassar,3143.71,4,2026-01-04
808,536,Laptop,Jakarta,12570.44,1,2026-06-21
809,58,Mouse,Surabaya,400.07,2,2026-03-15
810,700,Keyboard,Bandung,1291.2,3,2026-02-22
811,772,Headset,Jakarta,909.76,4,2026-01-27
812,631,Webcam,Makassar,1091.87,5,2026-04-10
813,244,Headset,Surabaya,1477.99,1,2026-04-08
814,397,Monitor,Surabaya,5863.33,1,2026-01-04
815,762,Keyboard,Bandung,1006.73,4,2026-02-27
816,934,Webcam,Surabaya,1004.09,5,2026-06-04
817,202,Webcam,Bandung,635.34,2,2026-06-24
818,77,Mouse,Bandung,394.03,1,2026-04-07
819,42,Monitor,Surabaya,4226.39,2,2026-02-11
820,599,Keyboard,Jakarta,629.73,2,2026-01-11
821,158,Keyboard,Makassar,266.11,5,2026-06-19
822,309,Monitor,Makassar,4200.64,1,2026-03-23
823,539,Mouse,Bandung,308.24,5,2026-02-10
824,426,Headset,Makassar,985.81,3,2026-02-26
825,905,Mouse,Surabaya,232.43,3,2026-02-25
826,974,Headset,Makassar,1107.26,5,2026-06-16
827,10,Laptop,Surabaya,13348.01,5,2026-06-09
828,250,Laptop,Surabaya,12576.47,1,2026-04-09
829,263,Headset,Surabaya,342.0,5,2026-04-06
830,527,Headset,Medan,1127.57,3,2026-06-16
831,198,Keyboard,Makassar,307.05,1,2026-02-12
832,995,Headset,Makassar,312.46,1,2026-02-23
833,687,Webcam,Bandung,1091.96,4,2026-01-27
834,211,Headset,Medan,1399.15,1,2026-06-25
835,158,Laptop,Medan,16602.42,1,2026-01-23
836,76,Laptop,Bandung,17530.58,5,2026-01-19
837,589,Mouse,Surabaya,263.05,4,2026-06-11
838,415,Monitor,Surabaya,2067.56,1,2026-05-17
839,7,Webcam,Makassar,450.59,5,2026-01-12
840,718,Laptop,Surabaya,19136.57,1,2026-03-16
841,806,Webcam,Surabaya,885.25,3,2026-04-23
842,391,Monitor,Jakarta,3895.95,5,2026-02-26
843,140,Webcam,Medan,1037.42,5,2026-03-17
844,984,Webcam,Bandung,638.45,3,2026-01-03
845,567,Headset,Bandung,509.5,1,2026-05-27
846,611,Monitor,Makassar,4190.1,1,2026-03-20
847,216,Webcam,Surabaya,569.39,5,2026-02-06
848,165,Mouse,Bandung,346.75,3,2026-02-19
849,118,Mouse,Makassar,440.9,5,2026-04-29
850,661,Headset,Jakarta,794.11,1,2026-03-06
851,101,Mouse,Makassar,294.88,3,2026-04-02
852,132,Webcam,Bandung,480.04,5,2026-01-18
853,922,Mouse,Surabaya,294.34,3,2026-06-07
854,676,Keyboard,Makassar,398.11,5,2026-04-04
855,828,Keyboard,Medan,419.23,3,2026-03-05
856,805,Mouse,Medan,210.67,3,2026-02-04
857,696,Webcam,Surabaya,1102.31,4,2026-04-25
858,368,Keyboard,Medan,917.17,2,2026-06-15
859,622,Laptop,Surabaya,18304.56,2,2026-05-18
860,202,Keyboard,Jakarta,1145.65,1,2026-05-10
861,647,Laptop,Makassar,14946.81,5,2026-02-24
862,929,Laptop,Makassar,11127.4,5,2026-05-01
863,670,Mouse,Surabaya,257.0,5,2026-03-16
864,138,Monitor,Makassar,4041.65,4,2026-04-04
865,515,Laptop,Bandung,18175.78,5,2026-06-25
866,170,Headset,Bandung,1058.57,2,2026-05-25
867,972,Headset,Bandung,1551.06,4,2026-04-02
868,42,Mouse,Medan,192.7,3,2026-04-05
869,240,Laptop,Bandung,14214.62,3,2026-04-10
870,481,Monitor,Jakarta,2159.62,3,2026-01-27
871,721,Headset,Surabaya,1719.28,3,2026-05-29
872,558,Headset,Bandung,940.32,4,2026-04-04
873,602,Webcam,Jakarta,813.33,4,2026-02-27
874,529,Monitor,Surabaya,5268.95,3,2026-05-05
875,812,Monitor,Makassar,2026.39,2,2026-04-23
876,170,Mouse,Jakarta,305.82,3,2026-02-24
877,154,Mouse,Bandung,244.89,1,2026-06-19
878,236,Monitor,Surabaya,4881.02,4,2026-06-22
879,491,Monitor,Bandung,4363.16,4,2026-01-06
880,250,Laptop,Bandung,14881.84,2,2026-02-04
881,645,Headset,Jakarta,1814.36,2,2026-01-15
882,171,Keyboard,Bandung,871.63,4,2026-06-03
883,993,Headset,Jakarta,1793.47,3,2026-01-22
884,222,Monitor,Makassar,5971.1,4,2026-02-13
885,225,Monitor,Makassar,2570.85,5,2026-02-16
886,639,Webcam,Makassar,611.62,3,2026-04-27
887,611,Headset,Jakarta,690.68,4,2026-02-03
888,112,Laptop,Bandung,14272.54,5,2026-06-25
889,430,Mouse,Makassar,138.52,4,2026-06-07
890,615,Laptop,Makassar,14039.95,1,2026-01-24
891,494,Webcam,Bandung,1121.59,5,2026-01-01
892,919,Webcam,Medan,817.64,3,2026-01-12
893,715,Headset,Medan,690.13,4,2026-04-08
894,359,Headset,Makassar,466.12,2,2026-03-07
895,489,Mouse,Jakarta,213.31,5,2026-04-15
896,264,Mouse,Jakarta,383.66,1,2026-05-28
897,536,Laptop,Makassar,8086.33,2,2026-06-26
898,824,Keyboard,Medan,670.95,2,2026-04-20
899,668,Headset,Surabaya,744.21,5,2026-04-19
900,579,Keyboard,Makassar,558.23,4,2026-02-22
901,424,Headset,Makassar,1120.2,3,2026-05-24
902,569,Monitor,Surabaya,5954.03,5,2026-03-30
903,793,Webcam,Medan,988.63,1,2026-02-28
904,458,Webcam,Bandung,480.22,5,2026-04-13
905,805,Keyboard,Makassar,998.23,1,2026-02-11
906,399,Webcam,Jakarta,1043.5,2,2026-05-01
907,949,Headset,Medan,449.84,3,2026-02-26
908,380,Laptop,Makassar,8453.06,4,2026-04-13
909,629,Webcam,Makassar,629.18,5,2026-01-15
910,969,Mouse,Medan,275.59,2,2026-06-18
911,954,Headset,Surabaya,631.07,5,2026-05-11
912,529,Webcam,Bandung,892.15,1,2026-04-03
913,245,Webcam,Jakarta,1180.52,1,2026-03-12
914,799,Monitor,Surabaya,4678.65,4,2026-05-31
915,206,Headset,Jakarta,1552.77,1,2026-01-24
916,563,Keyboard,Makassar,1389.51,3,2026-03-30
917,987,Keyboard,Bandung,988.27,2,2026-04-27
918,953,Monitor,Makassar,2018.61,2,2026-04-15
919,519,Laptop,Makassar,8868.63,3,2026-03-29
920,970,Laptop,Makassar,19480.51,5,2026-05-28
921,257,Webcam,Medan,1172.84,5,2026-05-04
922,789,Mouse,Surabaya,484.5,4,2026-06-24
923,472,Headset,Jakarta,1119.35,3,2026-01-18
924,392,Webcam,Bandung,941.53,2,2026-03-22
925,423,Keyboard,Makassar,896.35,3,2026-03-05
926,295,Laptop,Medan,16084.38,3,2026-01-20
927,568,Mouse,Medan,225.55,2,2026-05-27
928,276,Mouse,Bandung,299.6,2,2026-03-02
929,754,Mouse,Surabaya,182.71,2,2026-03-05
930,857,Headset,Surabaya,565.19,1,2026-01-31
931,943,Laptop,Medan,15365.92,5,2026-01-11
932,869,Monitor,Surabaya,4482.67,4,2026-05-28
933,890,Keyboard,Medan,437.73,5,2026-03-13
934,408,Mouse,Makassar,151.3,5,2026-04-19
935,490,Headset,Jakarta,1154.21,4,2026-06-25
936,795,Mouse,Medan,490.6,5,2026-04-28
937,324,Webcam,Jakarta,409.46,2,2026-04-08
938,595,Laptop,Surabaya,12339.23,3,2026-02-17
939,562,Keyboard,Bandung,550.23,5,2026-03-29
940,375,Mouse,Medan,269.58,4,2026-06-29
941,771,Keyboard,Surabaya,1310.62,3,2026-04-26
942,185,Headset,Bandung,1964.76,2,2026-01-26
943,739,Keyboard,Bandung,921.94,4,2026-02-20
944,150,Webcam,Bandung,778.39,1,2026-02-15
945,432,Monitor,Bandung,5982.25,5,2026-05-17
946,738,Keyboard,Medan,590.04,5,2026-05-26
947,49,Monitor,Jakarta,4762.17,1,2026-02-25
948,834,Keyboard,Medan,1290.66,1,2026-04-26
949,763,Keyboard,Surabaya,669.25,5,2026-05-23
950,955,Keyboard,Surabaya,225.79,1,2026-03-31
951,889,Webcam,Makassar,559.17,5,2026-06-16
952,665,Headset,Bandung,1964.93,3,2026-04-01
953,333,Webcam,Makassar,789.99,4,2026-01-21
954,391,Headset,Surabaya,1088.38,2,2026-02-12
955,656,Keyboard,Medan,1020.66,5,2026-04-14
956,870,Laptop,Jakarta,9943.99,2,2026-03-22
957,325,Webcam,Surabaya,968.35,5,2026-06-15
958,405,Keyboard,Medan,1215.27,3,2026-05-31
959,534,Monitor,Medan,2669.27,1,2026-02-02
960,746,Mouse,Surabaya,476.17,1,2026-02-23
961,171,Monitor,Jakarta,2382.21,4,2026-05-21
962,56,Laptop,Medan,14287.79,1,2026-01-27
963,269,Headset,Bandung,443.33,4,2026-03-21
964,235,Mouse,Surabaya,277.26,2,2026-02-03
965,540,Mouse,Jakarta,114.06,3,2026-03-25
966,885,Monitor,Medan,5899.93,5,2026-03-11
967,562,Monitor,Bandung,5878.17,5,2026-02-15
968,606,Headset,Medan,1372.78,5,2026-04-22
969,537,Webcam,Makassar,647.73,3,2026-05-04
970,553,Mouse,Jakarta,276.74,3,2026-04-16
971,267,Mouse,Surabaya,104.22,5,2026-02-04
972,353,Keyboard,Medan,895.63,4,2026-05-03
973,307,Laptop,Medan,17575.58,5,2026-03-01
974,816,Laptop,Makassar,12483.73,4,2026-05-24
975,448,Monitor,Bandung,2653.08,4,2026-04-07
976,226,Keyboard,Jakarta,748.91,2,2026-05-13
977,783,Headset,Surabaya,783.95,5,2026-03-10
978,423,Mouse,Jakarta,172.96,3,2026-01-29
979,653,Monitor,Makassar,3811.07,5,2026-05-06
980,193,Keyboard,Jakarta,397.79,5,2026-01-06
981,191,Laptop,Surabaya,11230.34,4,2026-01-03
982,239,Laptop,Bandung,8176.7,2,2026-03-29
983,431,Keyboard,Medan,1497.35,4,2026-06-28
984,811,Laptop,Surabaya,8962.68,2,2026-01-15
985,273,Monitor,Jakarta,4172.77,2,2026-02-19
986,918,Keyboard,Medan,1276.73,1,2026-03-05
987,395,Monitor,Bandung,4950.48,1,2026-02-20
988,472,Webcam,Jakarta,816.91,2,2026-05-02
989,399,Webcam,Surabaya,1148.97,2,2026-06-11
990,746,Laptop,Makassar,14251.12,3,2026-05-04
991,654,Keyboard,Bandung,668.55,1,2026-06-20
992,224,Laptop,Bandung,15594.91,3,2026-01-04
993,172,Keyboard,Makassar,355.54,2,2026-01-03
994,993,Laptop,Makassar,17401.7,4,2026-06-26
995,611,Mouse,Surabaya,408.32,2,2026-02-10
996,512,Laptop,Makassar,12061.07,1,2026-01-16
997,365,Webcam,Bandung,961.06,1,2026-02-02
998,500,Mouse,Surabaya,492.67,3,2026-04-23
999,751,Mouse,Jakarta,375.7,3,2026-02-04
1000,257,Laptop,Medan,16479.51,5,2026-03-17
1001,556,Webcam,Medan,551.82,2,2026-05-20
1002,357,Keyboard,Medan,557.92,5,2026-05-22
1003,165,Laptop,Makassar,9860.31,3,2026-03-09
1004,555,Keyboard,Medan,200.94,5,2026-04-08
1005,752,Mouse,Jakarta,347.89,3,2026-06-08
1006,245,Keyboard,Jakarta,1055.78,5,2026-04-10
1007,195,Headset,Medan,1601.75,2,2026-06-06
1008,290,Keyboard,Medan,1033.18,1,2026-01-25
1009,536,Webcam,Jakarta,435.02,2,2026-02-15
1010,895,Laptop,Bandung,9284.66,2,2026-01-26
1011,33,Headset,Medan,1418.47,5,2026-06-09
1012,719,Headset,Surabaya,383.45,2,2026-06-05
1013,736,Laptop,Jakarta,19162.53,2,2026-06-17
1014,504,Laptop,Medan,17612.24,1,2026-04-03
1015,572,Webcam,Medan,1057.62,1,2026-06-07
1016,273,Headset,Jakarta,1548.31,3,2026-01-20
1017,968,Mouse,Makassar,138.85,2,2026-05-17
1018,395,Mouse,Bandung,310.48,2,2026-05-26
1019,641,Mouse,Makassar,399.68,4,2026-01-28
1020,785,Webcam,Makassar,686.37,4,2026-06-29
1021,682,Monitor,Jakarta,2667.24,2,2026-05-21
1022,412,Headset,Surabaya,1417.8,5,2026-06-03
1023,454,Keyboard,Surabaya,915.11,3,2026-04-06
1024,423,Webcam,Medan,1060.92,3,2026-06-05
1025,247,Headset,Makassar,663.68,5,2026-03-07
1026,369,Monitor,Medan,5839.3,1,2026-01-09
1027,292,Headset,Jakarta,1179.94,3,2026-01-02
1028,308,Mouse,Bandung,442.29,1,2026-06-26
1029,843,Keyboard,Makassar,864.65,5,2026-05-27
1030,159,Laptop,Jakarta,13524.44,2,2026-02-05
1031,272,Keyboard,Makassar,524.81,3,2026-03-18
1032,95,Headset,Medan,1267.41,2,2026-01-20
1033,741,Keyboard,Medan,424.77,5,2026-01-25
1034,610,Webcam,Surabaya,429.9,5,2026-04-08
1035,81,Laptop,Surabaya,12175.16,4,2026-04-17
1036,953,Laptop,Bandung,16972.14,5,2026-01-03
1037,650,Webcam,Medan,443.3,5,2026-01-11
1038,327,Headset,Makassar,554.29,5,2026-06-28
1039,227,Mouse,Jakarta,369.45,4,2026-04-25
1040,771,Headset,Makassar,1158.04,2,2026-04-21
1041,297,Monitor,Bandung,2528.76,1,2026-05-02
1042,586,Webcam,Jakarta,838.52,3,2026-01-22
1043,409,Headset,Medan,1615.5,2,2026-02-04
1044,493,Headset,Bandung,1129.36,5,2026-02-20
1045,575,Headset,Makassar,718.62,1,2026-03-10
1046,796,Monitor,Surabaya,4738.95,5,2026-01-23
1047,116,Webcam,Medan,738.83,3,2026-02-18
1048,329,Keyboard,Makassar,1052.03,3,2026-02-13
1049,359,Headset,Medan,1359.41,4,2026-01-12
1050,947,Mouse,Bandung,374.14,2,2026-01-22
1051,116,Webcam,Jakarta,594.44,5,2026-02-07
1052,890,Keyboard,Jakarta,646.25,1,2026-03-20
1053,461,Monitor,Jakarta,3327.51,5,2026-02-24
1054,209,Headset,Makassar,1575.6,5,2026-05-04
1055,638,Webcam,Bandung,956.06,1,2026-04-07
1056,597,Webcam,Makassar,434.79,2,2026-01-16
1057,291,Mouse,Makassar,208.51,4,2026-06-17
1058,968,Laptop,Jakarta,12663.74,3,2026-06-19
1059,873,Webcam,Surabaya,1091.43,1,2026-03-16
1060,889,Webcam,Medan,584.93,4,2026-05-11
1061,727,Laptop,Surabaya,13815.95,5,2026-05-17
1062,91,Mouse,Bandung,300.26,4,2026-05-24
1063,949,Webcam,Jakarta,431.8,5,2026-03-20
1064,342,Monitor,Medan,4977.56,1,2026-03-30
1065,701,Keyboard,Surabaya,1012.8,2,2026-05-09
1066,283,Laptop,Surabaya,18544.13,1,2026-05-23
1067,972,Keyboard,Bandung,397.22,4,2026-06-18
1068,141,Laptop,Medan,14248.61,5,2026-06-10
1069,703,Mouse,Medan,196.14,2,2026-04-20
1070,994,Keyboard,Makassar,628.07,5,2026-02-03
1071,212,Webcam,Bandung,864.82,2,2026-02-05
1072,317,Webcam,Makassar,1127.65,4,2026-02-07
1073,672,Headset,Bandung,839.74,5,2026-05-17
1074,972,Webcam,Jakarta,547.31,2,2026-01-08
1075,784,Keyboard,Medan,1449.56,3,2026-04-24
1076,764,Webcam,Surabaya,521.57,2,2026-01-28
1077,135,Mouse,Jakarta,404.98,5,2026-06-07
1078,274,Headset,Makassar,1341.02,5,2026-03-01
1079,237,Webcam,Jakarta,687.41,4,2026-02-04
1080,515,Headset,Medan,1510.43,3,2026-02-17
1081,873,Monitor,Medan,3895.39,2,2026-02-19
1082,232,Laptop,Medan,17174.47,1,2026-03-11
1083,974,Monitor,Bandung,4969.47,2,2026-02-22
1084,68,Mouse,Medan,446.85,4,2026-06-26
1085,333,Monitor,Bandung,3710.22,1,2026-06-05
1086,753,Monitor,Surabaya,3576.6,5,2026-06-02
1087,550,Headset,Jakarta,1185.1,4,2026-04-27
1088,847,Laptop,Bandung,14224.43,4,2026-01-11
1089,572,Monitor,Makassar,5060.64,1,2026-02-18
1090,299,Monitor,Medan,5537.59,3,2026-04-29
1091,171,Monitor,Surabaya,4452.54,1,2026-06-26
1092,530,Mouse,Medan,431.96,4,2026-01-24
1093,740,Headset,Jakarta,605.61,5,2026-06-28
1094,560,Mouse,Medan,265.42,4,2026-01-07
1095,184,Monitor,Makassar,5586.47,2,2026-04-27
1096,93,Keyboard,Surabaya,1099.23,2,2026-02-01
1097,94,Laptop,Medan,15608.87,1,2026-05-15
1098,725,Monitor,Makassar,4448.29,2,2026-04-07
1099,564,Monitor,Jakarta,5073.04,3,2026-05-25
1100,893,Webcam,Bandung,529.7,2,2026-02-15
1101,788,Webcam,Jakarta,735.67,3,2026-04-25
1102,296,Webcam,Bandung,494.04,2,2026-02-21
1103,4,Headset,Surabaya,320.75,4,2026-05-08
1104,557,Laptop,Makassar,18592.44,2,2026-02-25
1105,603,Webcam,Medan,762.99,4,2026-01-21
1106,616,Headset,Jakarta,716.01,5,2026-03-13
1107,635,Webcam,Makassar,1056.1,2,2026-01-13
1108,190,Mouse,Jakarta,361.31,1,2026-02-07
1109,875,Laptop,Makassar,18056.17,3,2026-03-26
1110,943,Laptop,Jakarta,9306.65,2,2026-02-11
1111,689,Keyboard,Makassar,1059.2,5,2026-05-27
1112,807,Headset,Bandung,1942.7,5,2026-04-03
1113,954,Laptop,Jakarta,17222.14,3,2026-04-05
1114,920,Monitor,Jakarta,5033.77,5,2026-01-17
1115,300,Monitor,Bandung,2488.09,3,2026-03-26
1116,540,Monitor,Makassar,2839.38,2,2026-06-06
1117,60,Laptop,Makassar,16756.74,5,2026-01-23
1118,496,Webcam,Makassar,1147.11,3,2026-04-20
1119,624,Keyboard,Surabaya,883.01,5,2026-04-01
1120,950,Mouse,Makassar,325.05,5,2026-06-11
1121,510,Monitor,Bandung,5534.65,2,2026-03-16
1122,199,Laptop,Jakarta,8287.84,1,2026-02-23
1123,819,Headset,Medan,1003.87,3,2026-03-31
1124,574,Webcam,Bandung,409.04,2,2026-06-26
1125,289,Keyboard,Jakarta,600.1,5,2026-05-21
1126,332,Laptop,Jakarta,16230.03,3,2026-04-12
1127,742,Headset,Makassar,1932.19,2,2026-02-19
1128,339,Keyboard,Medan,1391.01,1,2026-06-15
1129,140,Monitor,Bandung,4508.8,5,2026-03-27
1130,474,Monitor,Jakarta,5340.42,3,2026-05-25
1131,743,Webcam,Surabaya,844.14,1,2026-02-23
1132,592,Webcam,Surabaya,1039.63,3,2026-01-17
1133,993,Mouse,Surabaya,436.3,3,2026-04-07
1134,642,Headset,Bandung,1270.67,4,2026-02-17
1135,610,Laptop,Surabaya,16463.19,3,2026-01-09
1136,279,Monitor,Jakarta,3988.22,2,2026-04-06
1137,463,Keyboard,Bandung,882.63,2,2026-01-29
1138,384,Laptop,Bandung,18960.25,4,2026-05-10
1139,26,Monitor,Makassar,2616.31,3,2026-05-04
1140,751,Headset,Surabaya,1618.41,2,2026-01-26
1141,842,Headset,Bandung,648.82,1,2026-04-28
1142,397,Webcam,Makassar,492.67,3,2026-01-12
1143,704,Headset,Jakarta,866.59,1,2026-01-27
1144,534,Webcam,Surabaya,417.98,3,2026-06-13
1145,914,Mouse,Surabaya,180.22,3,2026-03-12
1146,546,Keyboard,Medan,1072.46,3,2026-02-08
1147,162,Keyboard,Jakarta,219.83,5,2026-05-24
1148,527,Laptop,Bandung,14510.34,5,2026-03-23
1149,278,Mouse,Surabaya,329.63,2,2026-01-19
1150,319,Headset,Surabaya,1218.98,1,2026-02-03
1151,30,Monitor,Jakarta,2423.71,1,2026-01-23
1152,437,Monitor,Bandung,4818.71,5,2026-06-11
1153,857,Webcam,Medan,893.05,3,2026-03-27
1154,838,Mouse,Makassar,131.42,4,2026-05-26
1155,135,Laptop,Medan,9167.16,3,2026-06-25
1156,660,Webcam,Medan,776.44,2,2026-02-06
1157,882,Headset,Surabaya,1851.86,4,2026-02-16
1158,717,Webcam,Surabaya,1031.02,3,2026-04-27
1159,500,Laptop,Jakarta,13704.01,3,2026-05-03
1160,473,Mouse,Surabaya,407.18,5,2026-05-28
1161,131,Headset,Jakarta,989.67,1,2026-03-25
1162,570,Webcam,Jakarta,1033.94,5,2026-04-29
1163,411,Headset,Medan,705.58,2,2026-05-21
1164,163,Monitor,Medan,2264.24,2,2026-06-27
1165,606,Monitor,Medan,4268.84,3,2026-05-20
1166,711,Mouse,Bandung,365.04,1,2026-05-27
1167,857,Monitor,Jakarta,4368.65,4,2026-03-25
1168,569,Laptop,Medan,10114.09,4,2026-01-18
1169,613,Laptop,Makassar,17256.12,4,2026-03-25
1170,507,Webcam,Jakarta,472.43,2,2026-05-29
1171,925,Webcam,Jakarta,1005.66,2,2026-04-26
1172,545,Keyboard,Medan,1000.24,4,2026-02-20
1173,211,Webcam,Surabaya,639.79,3,2026-04-22
1174,736,Keyboard,Jakarta,957.55,5,2026-05-11
1175,414,Mouse,Surabaya,124.96,5,2026-01-14
1176,1,Webcam,Makassar,1056.6,3,2026-01-29
1177,882,Keyboard,Jakarta,505.81,5,2026-04-11
1178,641,Keyboard,Medan,727.84,4,2026-05-20
1179,217,Webcam,Bandung,779.9,2,2026-05-23
1180,394,Keyboard,Medan,400.55,2,2026-02-04
1181,12,Laptop,Jakarta,9727.95,4,2026-06-18
1182,448,Mouse,Jakarta,154.89,4,2026-04-27
1183,916,Webcam,Makassar,1144.25,5,2026-02-16
1184,466,Headset,Medan,1238.49,4,2026-04-09
1185,364,Mouse,Bandung,269.91,1,2026-05-28
1186,511,Webcam,Bandung,969.7,3,2026-04-16
1187,949,Headset,Makassar,923.85,1,2026-05-26
1188,495,Webcam,Surabaya,490.53,4,2026-06-26
1189,82,Mouse,Makassar,493.43,3,2026-04-30
1190,530,Laptop,Makassar,18678.99,1,2026-03-04
1191,484,Webcam,Jakarta,947.26,5,2026-05-29
1192,320,Headset,Jakarta,1836.09,5,2026-01-03
1193,481,Monitor,Makassar,5624.22,5,2026-03-26
1194,432,Keyboard,Surabaya,575.97,1,2026-06-27
1195,946,Headset,Surabaya,1535.85,5,2026-03-08
1196,63,Webcam,Medan,862.51,5,2026-01-14
1197,673,Keyboard,Makassar,235.49,4,2026-01-22
1198,130,Headset,Jakarta,1747.46,3,2026-03-06
1199,136,Headset,Surabaya,767.87,3,2026-01-04
1200,760,Laptop,Makassar,10095.37,5,2026-02-08
1201,675,Monitor,Surabaya,5231.36,3,2026-06-29
1202,242,Monitor,Bandung,5197.49,1,2026-03-29
1203,87,Mouse,Makassar,473.58,2,2026-05-07
1204,771,Monitor,Medan,2951.79,4,2026-06-13
1205,172,Mouse,Makassar,393.74,3,2026-01-14
1206,658,Keyboard,Jakarta,268.28,4,2026-04-13
1207,488,Keyboard,Medan,1170.0,5,2026-03-01
1208,389,Webcam,Medan,779.67,2,2026-05-16
1209,892,Monitor,Jakarta,3155.17,4,2026-04-08
1210,695,Keyboard,Makassar,1087.74,1,2026-01-25
1211,940,Headset,Surabaya,1925.51,4,2026-06-06
1212,941,Webcam,Surabaya,667.97,3,2026-01-26
1213,262,Webcam,Makassar,712.92,2,2026-06-22
1214,603,Mouse,Makassar,234.96,2,2026-03-22
1215,561,Laptop,Jakarta,17980.27,1,2026-04-16
1216,101,Headset,Jakarta,1465.35,3,2026-02-26
1217,743,Keyboard,Surabaya,451.0,1,2026-06-08
1218,95,Laptop,Makassar,15879.27,2,2026-06-03
1219,654,Laptop,Jakarta,9036.64,5,2026-02-03
1220,385,Webcam,Makassar,1042.56,2,2026-01-29
1221,713,Mouse,Surabaya,217.83,1,2026-06-13
1222,465,Keyboard,Medan,1099.89,3,2026-03-07
1223,166,Laptop,Surabaya,17325.27,4,2026-04-10
1224,341,Laptop,Surabaya,19467.27,3,2026-02-15
1225,452,Laptop,Medan,19753.06,2,2026-06-06
1226,403,Mouse,Medan,143.37,5,2026-04-21
1227,224,Headset,Jakarta,1851.44,3,2026-01-27
1228,36,Laptop,Jakarta,14856.13,3,2026-04-25
1229,20,Monitor,Bandung,4611.46,1,2026-01-10
1230,681,Monitor,Surabaya,2606.43,3,2026-04-11
1231,589,Laptop,Makassar,16491.27,4,2026-05-03
1232,447,Monitor,Jakarta,4160.51,1,2026-04-09
1233,978,Webcam,Medan,496.96,5,2026-04-02
1234,342,Webcam,Surabaya,720.49,1,2026-04-04
1235,548,Keyboard,Jakarta,1293.54,3,2026-06-15
1236,208,Mouse,Makassar,115.73,4,2026-06-19
1237,196,Keyboard,Medan,1365.4,3,2026-05-05
1238,87,Webcam,Medan,988.26,2,2026-01-10
1239,198,Laptop,Makassar,10861.82,4,2026-01-17
1240,812,Headset,Surabaya,1149.46,4,2026-01-05
1241,38,Keyboard,Jakarta,639.03,1,2026-04-14
1242,122,Mouse,Makassar,283.35,5,2026-02-08
1243,759,Headset,Bandung,1872.19,1,2026-02-06
1244,501,Webcam,Jakarta,776.98,5,2026-01-12
1245,249,Webcam,Bandung,411.49,1,2026-03-20
1246,841,Laptop,Medan,15334.71,5,2026-01-17
1247,838,Laptop,Jakarta,13965.72,5,2026-02-26
1248,65,Mouse,Medan,234.94,4,2026-03-25
1249,124,Webcam,Makassar,836.71,3,2026-02-24
1250,783,Laptop,Makassar,10081.37,1,2026-01-31
1251,281,Mouse,Medan,167.22,3,2026-05-22
1252,169,Monitor,Bandung,5702.7,1,2026-02-04
1253,103,Webcam,Makassar,700.9,2,2026-01-05
1254,901,Monitor,Jakarta,2025.4,2,2026-01-23
1255,724,Webcam,Makassar,1109.53,4,2026-06-27
1256,827,Monitor,Bandung,2824.64,3,2026-05-14
1257,462,Monitor,Bandung,5752.36,5,2026-06-27
1258,39,Headset,Bandung,1519.24,5,2026-01-23
1259,643,Keyboard,Surabaya,744.42,5,2026-03-02
1260,197,Laptop,Makassar,19721.5,5,2026-04-03
1261,884,Headset,Makassar,672.77,2,2026-03-12
1262,55,Mouse,Jakarta,418.65,4,2026-05-08
1263,181,Mouse,Jakarta,121.61,3,2026-03-14
1264,215,Monitor,Surabaya,3337.18,4,2026-01-12
1265,107,Webcam,Jakarta,1139.89,2,2026-02-10
1266,805,Laptop,Medan,14178.84,1,2026-03-02
1267,739,Monitor,Makassar,4319.05,4,2026-02-20
1268,766,Webcam,Surabaya,584.05,1,2026-03-25
1269,234,Laptop,Bandung,16852.97,2,2026-04-07
1270,913,Mouse,Jakarta,288.4,4,2026-01-14
1271,912,Monitor,Bandung,2864.66,5,2026-04-27
1272,183,Monitor,Surabaya,2545.62,2,2026-06-11
1273,368,Keyboard,Bandung,636.66,1,2026-06-27
1274,583,Laptop,Surabaya,9638.02,4,2026-04-28
1275,429,Mouse,Surabaya,187.94,3,2026-06-04
1276,161,Webcam,Makassar,1124.46,5,2026-05-22
1277,876,Mouse,Jakarta,264.68,5,2026-05-06
1278,883,Mouse,Makassar,289.4,4,2026-03-13
1279,15,Webcam,Medan,988.94,2,2026-03-05
1280,336,Monitor,Makassar,2889.63,5,2026-02-08
1281,936,Headset,Jakarta,1010.21,1,2026-01-11
1282,482,Webcam,Makassar,426.9,5,2026-04-11
1283,491,Webcam,Jakarta,761.95,2,2026-01-22
1284,572,Laptop,Medan,19399.21,2,2026-04-02
1285,303,Mouse,Jakarta,106.37,3,2026-02-11
1286,721,Monitor,Makassar,4989.15,1,2026-04-27
1287,475,Mouse,Medan,173.98,3,2026-06-10
1288,476,Webcam,Jakarta,1088.31,1,2026-04-09
1289,915,Webcam,Surabaya,824.74,3,2026-04-20
1290,771,Keyboard,Makassar,905.17,2,2026-06-25
1291,83,Headset,Surabaya,1550.79,1,2026-05-12
1292,969,Webcam,Surabaya,1110.38,1,2026-04-09
1293,375,Monitor,Makassar,2163.5,3,2026-02-14
1294,664,Headset,Jakarta,1253.29,2,2026-02-05
1295,343,Mouse,Makassar,145.42,4,2026-05-29
1296,893,Webcam,Bandung,1002.54,2,2026-03-24
1297,362,Keyboard,Makassar,1084.29,3,2026-01-14
1298,65,Keyboard,Surabaya,788.13,5,2026-05-15
1299,850,Laptop,Medan,16517.9,5,2026-03-16
1300,463,Headset,Surabaya,1659.84,1,2026-02-18
1301,914,Monitor,Jakarta,2320.68,2,2026-03-15
1302,982,Laptop,Jakarta,9977.19,1,2026-06-28
1303,152,Monitor,Bandung,5499.97,5,2026-06-10
1304,24,Keyboard,Medan,1460.45,5,2026-02-03
1305,486,Keyboard,Medan,777.02,1,2026-03-16
1306,194,Laptop,Jakarta,18461.52,2,2026-05-14
1307,661,Keyboard,Medan,952.32,3,2026-05-05
1308,608,Webcam,Makassar,1073.53,4,2026-04-28
1309,312,Headset,Bandung,1827.08,3,2026-02-13
1310,809,Keyboard,Bandung,829.52,3,2026-01-13
1311,152,Keyboard,Surabaya,792.7,2,2026-06-08
1312,947,Mouse,Makassar,214.1,2,2026-06-27
1313,927,Webcam,Bandung,529.0,1,2026-01-11
1314,325,Headset,Bandung,1049.51,3,2026-02-17
1315,211,Headset,Jakarta,1431.44,3,2026-02-07
1316,382,Monitor,Makassar,5901.86,5,2026-03-19
1317,125,Laptop,Medan,19172.83,2,2026-04-28
1318,951,Keyboard,Bandung,205.58,5,2026-05-10
1319,340,Webcam,Surabaya,779.13,3,2026-05-27
1320,683,Mouse,Makassar,391.42,4,2026-03-28
1321,706,Laptop,Medan,18802.09,2,2026-06-23
1322,565,Laptop,Surabaya,8297.55,5,2026-02-26
1323,457,Keyboard,Jakarta,624.28,5,2026-06-14
1324,200,Headset,Makassar,677.64,3,2026-02-20
1325,24,Laptop,Makassar,18193.42,1,2026-05-12
1326,404,Mouse,Medan,227.1,5,2026-05-11
1327,967,Laptop,Surabaya,12770.7,4,2026-04-05
1328,396,Keyboard,Jakarta,570.05,3,2026-03-20
1329,457,Headset,Jakarta,666.68,4,2026-04-17
1330,823,Monitor,Surabaya,2655.16,4,2026-04-17
1331,143,Headset,Makassar,446.33,2,2026-03-19
1332,487,Headset,Surabaya,412.4,5,2026-04-07
1333,91,Laptop,Medan,15665.67,3,2026-04-17
1334,180,Headset,Medan,1507.42,2,2026-02-21
1335,191,Monitor,Surabaya,4215.47,1,2026-03-19
1336,855,Headset,Surabaya,1139.97,4,2026-02-27
1337,28,Laptop,Bandung,11152.12,4,2026-02-01
1338,670,Webcam,Surabaya,733.73,4,2026-06-26
1339,661,Mouse,Jakarta,147.74,3,2026-05-07
1340,994,Laptop,Makassar,16946.79,5,2026-05-04
1341,580,Monitor,Surabaya,4511.98,4,2026-06-27
1342,838,Laptop,Surabaya,14150.31,5,2026-01-05
1343,866,Keyboard,Bandung,956.15,2,2026-03-23
1344,473,Webcam,Bandung,685.91,1,2026-03-11
1345,370,Monitor,Surabaya,2194.86,3,2026-05-16
1346,655,Laptop,Makassar,10325.78,2,2026-01-25
1347,614,Mouse,Makassar,229.04,3,2026-06-25
1348,820,Keyboard,Surabaya,1091.08,3,2026-01-25
1349,548,Headset,Surabaya,1699.64,1,2026-02-05
1350,531,Keyboard,Surabaya,1212.45,4,2026-03-29
1351,944,Mouse,Jakarta,187.15,5,2026-02-26
1352,852,Mouse,Makassar,345.37,5,2026-05-17
1353,730,Headset,Jakarta,1009.49,1,2026-01-30
1354,839,Mouse,Jakarta,291.81,3,2026-06-26
1355,372,Mouse,Medan,455.89,5,2026-05-14
1356,782,Keyboard,Bandung,1122.86,1,2026-01-31
1357,228,Mouse,Bandung,375.22,3,2026-02-02
1358,215,Mouse,Jakarta,269.92,1,2026-01-20
1359,20,Monitor,Medan,2170.07,1,2026-01-09
1360,813,Webcam,Makassar,874.54,4,2026-01-31
1361,931,Keyboard,Jakarta,286.12,1,2026-01-25
1362,802,Laptop,Makassar,10464.81,2,2026-02-17
1363,687,Keyboard,Jakarta,318.01,3,2026-05-29
1364,357,Keyboard,Bandung,1311.68,5,2026-03-03
1365,518,Headset,Jakarta,468.48,5,2026-01-04
1366,542,Mouse,Bandung,485.71,2,2026-05-18
1367,5,Webcam,Jakarta,1139.39,5,2026-05-02
1368,376,Webcam,Makassar,548.1,1,2026-02-16
1369,855,Keyboard,Medan,751.32,5,2026-02-28
1370,418,Laptop,Surabaya,9483.38,1,2026-05-14
1371,140,Monitor,Surabaya,4818.92,5,2026-01-11
1372,85,Keyboard,Medan,350.44,3,2026-04-27
1373,615,Webcam,Surabaya,949.64,4,2026-02-27
1374,568,Monitor,Surabaya,5939.85,4,2026-02-18
1375,878,Laptop,Medan,19268.98,3,2026-02-15
1376,14,Webcam,Medan,937.68,4,2026-04-23
1377,536,Webcam,Jakarta,495.37,4,2026-04-13
1378,712,Headset,Jakarta,1560.43,2,2026-01-17
1379,373,Mouse,Surabaya,180.11,4,2026-02-01
1380,239,Monitor,Medan,3114.07,5,2026-06-01
1381,280,Webcam,Medan,684.88,5,2026-04-14
1382,497,Headset,Surabaya,550.54,4,2026-01-28
1383,126,Keyboard,Medan,846.46,2,2026-01-08
1384,102,Webcam,Jakarta,1064.25,4,2026-06-23
1385,28,Mouse,Medan,341.83,3,2026-02-09
1386,311,Headset,Makassar,463.77,1,2026-06-19
1387,770,Headset,Medan,1647.64,2,2026-03-17
1388,678,Monitor,Medan,4019.18,5,2026-03-29
1389,829,Headset,Makassar,330.04,1,2026-04-21
1390,902,Laptop,Medan,13401.39,4,2026-04-24
1391,471,Laptop,Jakarta,10122.43,3,2026-06-30
1392,169,Monitor,Medan,2537.95,4,2026-05-05
1393,783,Laptop,Makassar,16100.29,5,2026-06-25
1394,553,Headset,Medan,1109.05,2,2026-05-10
1395,58,Monitor,Surabaya,3978.76,4,2026-06-07
1396,693,Keyboard,Surabaya,616.63,1,2026-06-01
1397,47,Mouse,Surabaya,239.55,5,2026-01-07
1398,784,Webcam,Surabaya,704.46,4,2026-03-30
1399,366,Monitor,Surabaya,2225.8,2,2026-03-05
1400,241,Webcam,Surabaya,874.03,1,2026-03-20
1401,118,Keyboard,Bandung,225.63,3,2026-01-10
1402,472,Webcam,Medan,854.44,4,2026-03-10
1403,21,Webcam,Medan,870.39,3,2026-04-07
1404,585,Monitor,Surabaya,4290.15,4,2026-01-26
1405,708,Webcam,Bandung,668.77,5,2026-06-20
1406,348,Mouse,Makassar,219.81,4,2026-02-21
1407,509,Webcam,Jakarta,1072.3,5,2026-02-24
1408,295,Keyboard,Jakarta,586.52,5,2026-04-13
1409,824,Mouse,Makassar,397.16,1,2026-05-29
1410,98,Headset,Surabaya,764.72,5,2026-05-16
1411,487,Monitor,Bandung,3389.27,1,2026-06-16
1412,844,Keyboard,Makassar,1245.36,4,2026-06-19
1413,553,Keyboard,Bandung,738.61,3,2026-06-09
1414,528,Monitor,Makassar,2722.4,1,2026-06-10
1415,721,Headset,Bandung,1280.63,2,2026-06-19
1416,986,Webcam,Medan,614.35,5,2026-06-07
1417,874,Monitor,Makassar,4906.46,1,2026-05-14
1418,206,Keyboard,Medan,392.07,2,2026-06-25
1419,784,Keyboard,Medan,733.34,1,2026-06-12
1420,209,Monitor,Surabaya,5294.84,2,2026-03-07
1421,704,Headset,Bandung,989.97,1,2026-02-08
1422,197,Laptop,Bandung,17564.54,3,2026-04-29
1423,498,Headset,Medan,1017.43,1,2026-02-21
1424,164,Keyboard,Bandung,237.88,3,2026-06-18
1425,564,Mouse,Jakarta,485.51,4,2026-01-06
1426,57,Laptop,Surabaya,15219.2,1,2026-04-15
1427,919,Keyboard,Jakarta,715.96,2,2026-03-02
1428,115,Headset,Makassar,1885.99,5,2026-06-20
1429,849,Headset,Makassar,728.07,1,2026-03-02
1430,615,Laptop,Surabaya,11951.43,5,2026-04-10
1431,826,Webcam,Bandung,1148.4,2,2026-02-06
1432,110,Mouse,Bandung,487.97,4,2026-04-15
1433,261,Headset,Jakarta,1133.61,3,2026-06-29
1434,972,Laptop,Surabaya,14548.94,4,2026-06-24
1435,253,Keyboard,Bandung,671.9,3,2026-03-20
1436,22,Webcam,Makassar,427.85,1,2026-06-26
1437,940,Webcam,Bandung,602.39,4,2026-03-21
1438,655,Webcam,Surabaya,1122.53,1,2026-05-17
1439,888,Mouse,Medan,255.39,4,2026-03-07
1440,309,Laptop,Bandung,11569.07,2,2026-04-23
1441,647,Keyboard,Medan,1226.11,3,2026-01-21
1442,843,Monitor,Medan,4947.77,3,2026-04-19
1443,898,Laptop,Bandung,16381.79,5,2026-01-17
1444,361,Monitor,Makassar,4916.93,5,2026-03-25
1445,465,Webcam,Jakarta,1009.58,2,2026-06-11
1446,455,Webcam,Bandung,402.46,2,2026-06-10
1447,313,Keyboard,Makassar,306.9,2,2026-03-05
1448,529,Webcam,Bandung,1077.57,4,2026-03-23
1449,463,Monitor,Bandung,3042.72,5,2026-03-25
1450,819,Keyboard,Bandung,309.72,3,2026-02-16
1451,403,Monitor,Makassar,2897.95,1,2026-05-23
1452,663,Headset,Bandung,1841.64,4,2026-02-20
1453,269,Webcam,Bandung,439.83,5,2026-04-20
1454,615,Keyboard,Bandung,315.78,3,2026-02-13
1455,970,Headset,Jakarta,324.0,5,2026-04-22
1456,792,Monitor,Medan,2474.05,2,2026-02-18
1457,969,Keyboard,Surabaya,1170.38,4,2026-02-03
1458,442,Mouse,Makassar,186.23,3,2026-06-23
1459,194,Monitor,Bandung,3634.1,2,2026-01-08
1460,298,Keyboard,Bandung,1002.98,2,2026-04-05
1461,597,Webcam,Medan,468.59,4,2026-02-04
1462,893,Keyboard,Medan,1092.91,4,2026-04-19
1463,754,Headset,Surabaya,424.19,5,2026-01-16
1464,54,Keyboard,Bandung,812.21,3,2026-06-05
1465,962,Webcam,Makassar,967.65,1,2026-01-02
1466,260,Headset,Makassar,947.59,4,2026-06-21
1467,380,Mouse,Makassar,116.45,2,2026-03-08
1468,174,Headset,Medan,1881.56,4,2026-02-03
1469,92,Keyboard,Makassar,762.81,3,2026-01-30
1470,321,Laptop,Bandung,13990.53,3,2026-04-03
1471,949,Monitor,Surabaya,5611.17,3,2026-06-06
1472,850,Keyboard,Makassar,606.91,2,2026-03-22
1473,755,Monitor,Bandung,4222.7,4,2026-01-14
1474,194,Mouse,Jakarta,191.94,1,2026-05-01
1475,267,Mouse,Medan,274.57,4,2026-01-11
1476,453,Keyboard,Makassar,830.76,4,2026-01-29
1477,867,Webcam,Bandung,498.92,1,2026-02-22
1478,890,Keyboard,Bandung,1285.44,5,2026-03-11
1479,577,Webcam,Makassar,569.92,1,2026-05-15
1480,786,Headset,Bandung,1007.91,1,2026-03-05
1481,787,Monitor,Jakarta,5549.47,1,2026-03-14
1482,698,Webcam,Jakarta,715.34,5,2026-01-28
1483,858,Keyboard,Bandung,237.54,4,2026-06-18
1484,492,Monitor,Surabaya,4376.82,1,2026-03-26
1485,994,Laptop,Makassar,19410.75,3,2026-05-26
1486,133,Mouse,Jakarta,420.62,3,2026-03-24
1487,818,Laptop,Jakarta,14565.87,5,2026-04-08
1488,95,Monitor,Surabaya,2712.04,4,2026-01-23
1489,22,Mouse,Bandung,255.4,4,2026-03-14
1490,663,Webcam,Bandung,496.48,4,2026-04-21
1491,754,Keyboard,Makassar,370.67,1,2026-04-05
1492,525,Mouse,Medan,278.18,4,2026-05-02
1493,275,Headset,Makassar,1019.22,4,2026-04-05
1494,629,Mouse,Medan,352.27,1,2026-01-11
1495,526,Keyboard,Medan,1079.37,2,2026-05-07
1496,540,Webcam,Makassar,467.18,4,2026-04-22
1497,82,Monitor,Surabaya,2594.43,2,2026-06-25
1498,925,Keyboard,Bandung,880.02,3,2026-05-26
1499,49,Headset,Jakarta,1859.41,5,2026-01-28
1500,523,Monitor,Medan,2377.94,5,2026-03-06
1501,364,Keyboard,Makassar,306.3,5,2026-01-05
1502,117,Webcam,Medan,543.64,2,2026-04-11
1503,47,Laptop,Medan,18521.06,3,2026-03-22
1504,602,Webcam,Medan,1005.88,4,2026-06-09
1505,828,Keyboard,Surabaya,1456.74,2,2026-02-24
1506,190,Laptop,Makassar,11111.81,1,2026-04-22
1507,548,Laptop,Jakarta,12739.21,1,2026-02-13
1508,672,Monitor,Medan,4767.22,5,2026-05-05
1509,311,Headset,Makassar,913.24,4,2026-03-19
1510,90,Mouse,Bandung,105.55,1,2026-01-05
1511,713,Mouse,Jakarta,183.69,2,2026-06-16
1512,248,Monitor,Makassar,2763.66,3,2026-04-29
1513,152,Monitor,Medan,2087.27,2,2026-02-09
1514,757,Webcam,Medan,1171.09,4,2026-01-06
1515,881,Monitor,Makassar,2970.52,3,2026-05-26
1516,850,Monitor,Jakarta,3335.4,1,2026-06-11
1517,868,Webcam,Medan,1183.59,4,2026-05-29
1518,611,Webcam,Makassar,1199.22,1,2026-05-05
1519,410,Monitor,Makassar,4364.16,5,2026-06-23
1520,927,Monitor,Bandung,4857.16,5,2026-01-05
1521,433,Headset,Surabaya,1240.53,3,2026-06-15
1522,428,Monitor,Jakarta,3979.16,3,2026-04-25
1523,715,Monitor,Jakarta,2645.33,2,2026-05-01
1524,353,Monitor,Bandung,4030.54,5,2026-06-25
1525,348,Headset,Medan,522.97,3,2026-04-10
1526,983,Monitor,Surabaya,5183.89,2,2026-06-09
1527,213,Keyboard,Jakarta,1067.17,2,2026-02-14
1528,205,Mouse,Makassar,296.87,4,2026-05-07
1529,311,Mouse,Bandung,322.73,1,2026-04-02
1530,903,Keyboard,Surabaya,1080.01,2,2026-05-09
1531,33,Laptop,Surabaya,13167.45,5,2026-02-28
1532,124,Headset,Bandung,1126.82,3,2026-04-01
1533,788,Laptop,Makassar,11209.89,2,2026-06-26
1534,895,Headset,Makassar,1438.13,1,2026-04-23
1535,819,Monitor,Jakarta,5898.64,5,2026-06-06
1536,801,Laptop,Makassar,8503.63,1,2026-02-12
1537,646,Laptop,Bandung,18931.83,2,2026-03-16
1538,726,Monitor,Makassar,3993.56,1,2026-02-09
1539,663,Keyboard,Surabaya,1264.91,1,2026-02-21
1540,450,Monitor,Jakarta,2981.26,4,2026-03-29
1541,294,Headset,Bandung,444.9,3,2026-04-17
1542,370,Webcam,Bandung,521.29,5,2026-04-18
1543,807,Mouse,Bandung,420.71,4,2026-04-15
1544,920,Monitor,Makassar,5178.43,3,2026-01-08
1545,454,Mouse,Jakarta,387.05,5,2026-01-18
1546,87,Keyboard,Surabaya,722.15,2,2026-04-22
1547,63,Monitor,Jakarta,4640.7,2,2026-05-28
1548,60,Webcam,Makassar,1178.13,4,2026-04-13
1549,908,Webcam,Makassar,1098.84,3,2026-03-30
1550,9,Keyboard,Makassar,993.52,2,2026-06-29
1551,414,Monitor,Bandung,5550.32,5,2026-06-08
1552,668,Monitor,Surabaya,5550.7,4,2026-02-20
1553,903,Keyboard,Jakarta,248.06,3,2026-04-10
1554,743,Webcam,Bandung,816.38,5,2026-03-14
1555,219,Laptop,Makassar,14621.43,5,2026-03-29
1556,776,Webcam,Bandung,418.74,5,2026-06-01
1557,265,Mouse,Surabaya,390.6,5,2026-01-29
1558,750,Laptop,Surabaya,11117.08,5,2026-04-01
1559,127,Laptop,Jakarta,13384.84,5,2026-01-02
1560,465,Keyboard,Bandung,1247.0,5,2026-05-25
1561,732,Webcam,Makassar,1075.6,2,2026-03-31
1562,307,Keyboard,Makassar,1074.16,4,2026-05-14
1563,756,Mouse,Jakarta,231.14,5,2026-02-19
1564,843,Keyboard,Medan,327.38,4,2026-04-16
1565,84,Laptop,Jakarta,13098.64,2,2026-05-02
1566,220,Monitor,Jakarta,3477.18,5,2026-04-14
1567,603,Headset,Makassar,1624.0,3,2026-05-30
1568,511,Webcam,Medan,1197.21,4,2026-04-17
1569,844,Mouse,Bandung,302.31,4,2026-04-28
1570,133,Webcam,Makassar,1090.62,1,2026-06-27
1571,218,Monitor,Medan,2130.43,2,2026-05-24
1572,379,Laptop,Makassar,18227.81,1,2026-01-31
1573,379,Headset,Surabaya,368.48,2,2026-01-31
1574,381,Keyboard,Surabaya,594.24,4,2026-01-08
1575,811,Mouse,Bandung,413.52,4,2026-01-13
1576,960,Keyboard,Surabaya,480.26,4,2026-01-01
1577,126,Headset,Surabaya,414.86,1,2026-04-17
1578,493,Headset,Surabaya,1261.8,3,2026-04-07
1579,487,Webcam,Makassar,506.25,2,2026-05-10
1580,652,Monitor,Medan,4668.88,2,2026-03-25
1581,92,Headset,Makassar,996.37,2,2026-04-12
1582,348,Headset,Jakarta,1928.74,4,2026-03-13
1583,662,Laptop,Bandung,16486.5,5,2026-06-11
1584,816,Webcam,Surabaya,848.84,1,2026-06-14
1585,573,Laptop,Bandung,19462.02,5,2026-05-28
1586,776,Laptop,Makassar,14261.05,4,2026-05-09
1587,919,Laptop,Jakarta,15899.05,5,2026-02-16
1588,986,Laptop,Surabaya,17441.08,2,2026-06-30
1589,860,Headset,Medan,443.9,5,2026-06-05
1590,329,Monitor,Makassar,2179.93,1,2026-03-29
1591,448,Mouse,Medan,109.62,5,2026-03-23
1592,392,Keyboard,Jakarta,349.04,1,2026-05-19
1593,173,Keyboard,Bandung,437.47,1,2026-02-09
1594,315,Monitor,Bandung,2235.65,3,2026-02-16
1595,28,Webcam,Jakarta,638.42,1,2026-03-23
1596,146,Monitor,Surabaya,3031.74,1,2026-01-14
1597,208,Mouse,Makassar,334.41,4,2026-05-11
1598,771,Headset,Medan,1913.91,3,2026-01-16
1599,326,Monitor,Makassar,3628.31,4,2026-01-08
1600,418,Webcam,Bandung,1130.99,1,2026-03-10
1601,568,Headset,Jakarta,718.74,5,2026-06-16
1602,805,Mouse,Surabaya,327.3,4,2026-01-22
1603,867,Webcam,Makassar,562.77,2,2026-04-06
1604,554,Mouse,Bandung,315.01,4,2026-05-23
1605,463,Laptop,Jakarta,17751.72,5,2026-03-16
1606,669,Mouse,Jakarta,124.07,4,2026-03-11
1607,613,Keyboard,Medan,1499.01,2,2026-05-30
1608,861,Headset,Surabaya,377.32,5,2026-05-25
1609,72,Keyboard,Jakarta,713.9,1,2026-02-05
1610,743,Headset,Surabaya,1793.07,2,2026-06-06
1611,517,Keyboard,Surabaya,1025.72,4,2026-03-11
1612,252,Webcam,Surabaya,673.3,4,2026-06-03
1613,337,Laptop,Bandung,15757.32,1,2026-06-05
1614,488,Laptop,Jakarta,16072.48,4,2026-05-23
1615,917,Webcam,Medan,1009.97,5,2026-01-21
1616,807,Webcam,Jakarta,830.92,4,2026-06-22
1617,127,Keyboard,Medan,1275.71,3,2026-04-10
1618,182,Webcam,Jakarta,499.81,3,2026-02-19
1619,456,Laptop,Bandung,16917.73,3,2026-06-24
1620,944,Webcam,Surabaya,553.21,5,2026-06-10
1621,311,Webcam,Bandung,587.41,4,2026-04-03
1622,38,Keyboard,Medan,1375.86,5,2026-02-23
1623,8,Mouse,Medan,144.38,3,2026-05-26
1624,513,Monitor,Bandung,4207.14,5,2026-06-22
1625,699,Headset,Makassar,598.4,5,2026-02-02
1626,764,Laptop,Bandung,11115.49,5,2026-02-28
1627,903,Headset,Surabaya,626.15,1,2026-06-27
1628,695,Headset,Makassar,729.97,5,2026-04-27
1629,3,Monitor,Jakarta,5415.44,3,2026-04-21
1630,865,Monitor,Surabaya,2486.87,5,2026-04-30
1631,508,Keyboard,Makassar,1186.73,2,2026-01-13
1632,285,Monitor,Makassar,3795.45,1,2026-04-11
1633,200,Keyboard,Jakarta,1344.13,1,2026-02-27
1634,707,Monitor,Jakarta,5667.98,2,2026-02-12
1635,338,Keyboard,Jakarta,1013.79,1,2026-01-08
1636,492,Monitor,Jakarta,4370.12,3,2026-03-06
1637,254,Laptop,Medan,10860.31,3,2026-01-14
1638,842,Keyboard,Makassar,1232.34,1,2026-06-03
1639,635,Monitor,Jakarta,4501.4,5,2026-02-01
1640,88,Laptop,Jakarta,12528.74,1,2026-02-02
1641,64,Monitor,Jakarta,3205.88,4,2026-01-17
1642,105,Webcam,Jakarta,847.41,3,2026-04-08
1643,412,Laptop,Makassar,17023.56,2,2026-06-03
1644,807,Webcam,Makassar,408.49,4,2026-04-29
1645,815,Monitor,Makassar,4476.92,3,2026-06-16
1646,961,Webcam,Jakarta,763.26,3,2026-05-31
1647,198,Laptop,Jakarta,8147.46,1,2026-06-01
1648,809,Mouse,Makassar,150.39,5,2026-03-07
1649,364,Monitor,Medan,4898.49,4,2026-02-17
1650,249,Mouse,Jakarta,124.2,3,2026-05-30
1651,447,Headset,Surabaya,829.02,5,2026-02-07
1652,151,Monitor,Surabaya,4413.32,3,2026-04-05
1653,994,Laptop,Makassar,15037.28,2,2026-01-15
1654,244,Headset,Makassar,1759.79,4,2026-03-30
1655,201,Mouse,Bandung,414.11,3,2026-02-18
1656,684,Monitor,Medan,4399.05,3,2026-05-29
1657,580,Keyboard,Makassar,589.52,3,2026-02-11
1658,108,Monitor,Jakarta,3983.72,1,2026-06-13
1659,229,Webcam,Bandung,773.23,2,2026-03-03
1660,493,Webcam,Surabaya,1045.82,4,2026-02-22
1661,410,Mouse,Jakarta,245.13,1,2026-04-02
1662,31,Headset,Jakarta,542.08,4,2026-02-19
1663,647,Headset,Surabaya,374.64,1,2026-02-20
1664,203,Keyboard,Bandung,484.63,3,2026-02-14
1665,348,Headset,Bandung,603.52,1,2026-02-15
1666,864,Keyboard,Jakarta,227.29,2,2026-04-08
1667,671,Laptop,Surabaya,19233.37,3,2026-04-27
1668,246,Keyboard,Surabaya,1059.18,5,2026-06-09
1669,903,Monitor,Jakarta,2473.97,2,2026-02-18
1670,197,Headset,Medan,1480.4,3,2026-06-03
1671,440,Webcam,Bandung,1136.81,5,2026-05-31
1672,194,Headset,Surabaya,1642.3,3,2026-03-05
1673,55,Webcam,Surabaya,1098.28,5,2026-05-30
1674,908,Monitor,Bandung,4909.19,4,2026-06-19
1675,630,Laptop,Bandung,14103.37,5,2026-04-06
1676,511,Headset,Medan,604.3,3,2026-05-15
1677,712,Monitor,Medan,3895.03,5,2026-04-13
1678,654,Headset,Jakarta,652.24,2,2026-04-26
1679,884,Mouse,Medan,187.44,4,2026-04-07
1680,586,Mouse,Surabaya,201.81,1,2026-02-04
1681,770,Laptop,Surabaya,13334.06,3,2026-02-28
1682,598,Laptop,Medan,14147.15,3,2026-04-20
1683,462,Monitor,Medan,3635.81,4,2026-03-23
1684,280,Monitor,Jakarta,2718.26,2,2026-03-09
1685,661,Laptop,Surabaya,18817.71,3,2026-05-09
1686,526,Headset,Jakarta,1635.98,2,2026-01-26
1687,122,Laptop,Surabaya,8459.38,2,2026-03-27
1688,202,Webcam,Surabaya,600.02,3,2026-02-18
1689,723,Headset,Bandung,1997.29,5,2026-03-08
1690,9,Keyboard,Surabaya,1269.0,4,2026-04-14
1691,842,Headset,Jakarta,1102.41,5,2026-02-08
1692,887,Monitor,Bandung,2907.71,2,2026-05-02
1693,240,Headset,Makassar,1636.16,4,2026-04-29
1694,349,Laptop,Surabaya,18149.62,4,2026-06-28
1695,428,Mouse,Medan,279.99,5,2026-01-08
1696,384,Mouse,Makassar,449.5,3,2026-01-03
1697,512,Webcam,Surabaya,671.86,4,2026-04-19
1698,703,Monitor,Makassar,3198.55,5,2026-01-06
1699,582,Laptop,Bandung,9844.29,3,2026-05-26
1700,645,Headset,Makassar,1275.59,4,2026-04-08
1701,210,Monitor,Jakarta,4137.96,2,2026-05-02
1702,112,Keyboard,Makassar,1450.52,3,2026-01-24
1703,176,Laptop,Makassar,10131.63,5,2026-05-06
1704,28,Mouse,Bandung,127.8,4,2026-03-14
1705,211,Mouse,Surabaya,363.83,1,2026-04-27
1706,59,Keyboard,Makassar,214.36,3,2026-04-16
1707,401,Mouse,Jakarta,151.66,4,2026-05-03
1708,761,Laptop,Medan,19461.16,2,2026-02-03
1709,892,Mouse,Surabaya,272.88,4,2026-02-10
1710,619,Headset,Surabaya,1298.74,5,2026-06-25
1711,470,Keyboard,Bandung,209.68,2,2026-04-25
1712,66,Monitor,Makassar,5230.26,5,2026-03-26
1713,933,Headset,Medan,1082.35,5,2026-01-11
1714,755,Laptop,Surabaya,15755.59,4,2026-03-30
1715,718,Webcam,Surabaya,712.87,2,2026-04-17
1716,256,Mouse,Makassar,393.3,4,2026-04-09
1717,933,Webcam,Bandung,958.82,1,2026-04-11
1718,716,Laptop,Bandung,18626.5,2,2026-03-12
1719,904,Webcam,Makassar,633.51,1,2026-06-28
1720,744,Webcam,Bandung,1126.99,4,2026-05-22
1721,125,Keyboard,Jakarta,1182.02,5,2026-03-25
1722,420,Monitor,Bandung,3011.07,5,2026-01-12
1723,474,Laptop,Jakarta,15666.4,4,2026-04-08
1724,352,Webcam,Medan,1084.62,4,2026-01-10
1725,11,Keyboard,Jakarta,1121.83,2,2026-03-25
1726,687,Webcam,Medan,787.81,1,2026-01-22
1727,562,Webcam,Bandung,970.87,4,2026-02-05
1728,483,Keyboard,Bandung,421.77,1,2026-06-05
1729,103,Mouse,Surabaya,149.66,4,2026-02-13
1730,80,Webcam,Jakarta,941.91,2,2026-04-23
1731,367,Mouse,Bandung,385.76,5,2026-02-25
1732,453,Webcam,Jakarta,1069.2,5,2026-06-14
1733,679,Webcam,Jakarta,712.49,3,2026-04-24
1734,54,Headset,Jakarta,382.73,4,2026-02-21
1735,952,Mouse,Surabaya,463.5,2,2026-01-24
1736,17,Monitor,Jakarta,5957.16,3,2026-02-19
1737,697,Webcam,Jakarta,576.45,1,2026-06-20
1738,172,Webcam,Bandung,435.21,5,2026-01-28
1739,836,Keyboard,Surabaya,930.67,2,2026-06-09
1740,213,Headset,Medan,1896.17,1,2026-03-01
1741,219,Laptop,Surabaya,11880.41,1,2026-04-13
1742,670,Keyboard,Jakarta,705.94,4,2026-02-26
1743,68,Webcam,Surabaya,919.96,3,2026-01-12
1744,69,Mouse,Medan,220.61,5,2026-05-08
1745,105,Webcam,Makassar,1033.01,5,2026-02-13
1746,258,Laptop,Makassar,11892.25,4,2026-06-23
1747,947,Webcam,Bandung,665.64,3,2026-06-20
1748,494,Laptop,Surabaya,8211.79,5,2026-04-25
1749,392,Headset,Bandung,1155.81,1,2026-03-01
1750,22,Headset,Jakarta,825.04,4,2026-03-04
1751,635,Laptop,Jakarta,9650.67,4,2026-03-17
1752,207,Mouse,Medan,181.75,1,2026-03-02
1753,946,Webcam,Makassar,1190.84,4,2026-03-26
1754,138,Keyboard,Surabaya,1036.68,1,2026-05-14
1755,811,Monitor,Surabaya,5002.2,2,2026-03-26
1756,351,Mouse,Bandung,315.72,2,2026-06-25
1757,713,Webcam,Bandung,886.45,4,2026-05-14
1758,330,Mouse,Medan,351.91,1,2026-05-06
1759,72,Mouse,Jakarta,353.75,2,2026-02-22
1760,129,Laptop,Bandung,15111.57,2,2026-03-02
1761,520,Laptop,Medan,16699.87,3,2026-02-12
1762,739,Mouse,Bandung,269.61,5,2026-03-05
1763,311,Keyboard,Makassar,782.75,2,2026-03-11
1764,884,Monitor,Jakarta,5804.05,3,2026-04-12
1765,387,Mouse,Medan,276.55,5,2026-06-06
1766,753,Monitor,Bandung,5278.42,4,2026-01-06
1767,781,Monitor,Medan,5416.17,3,2026-06-02
1768,551,Mouse,Makassar,390.66,3,2026-04-08
1769,475,Keyboard,Medan,568.19,5,2026-06-05
1770,493,Laptop,Surabaya,9639.88,4,2026-02-20
1771,159,Mouse,Jakarta,105.13,5,2026-04-06
1772,504,Monitor,Medan,5761.14,3,2026-04-09
1773,502,Keyboard,Makassar,292.6,1,2026-02-01
1774,395,Headset,Bandung,630.19,4,2026-03-07
1775,790,Webcam,Surabaya,807.69,4,2026-06-12
1776,706,Keyboard,Jakarta,1046.18,4,2026-03-05
1777,249,Monitor,Jakarta,5685.87,3,2026-06-11
1778,724,Webcam,Jakarta,957.98,2,2026-03-08
1779,620,Monitor,Bandung,3017.15,5,2026-05-29
1780,975,Webcam,Bandung,409.87,1,2026-06-14
1781,729,Monitor,Medan,4824.28,1,2026-05-13
1782,932,Mouse,Medan,166.33,4,2026-03-06
1783,709,Keyboard,Makassar,1457.99,4,2026-05-31
1784,316,Webcam,Medan,1001.97,1,2026-01-28
1785,652,Headset,Surabaya,1684.19,3,2026-02-23
1786,953,Webcam,Medan,959.21,1,2026-02-13
1787,836,Monitor,Jakarta,2387.48,4,2026-05-15
1788,427,Webcam,Surabaya,986.43,2,2026-02-15
1789,384,Mouse,Bandung,179.21,2,2026-05-09
1790,972,Laptop,Medan,14805.11,2,2026-02-17
1791,206,Laptop,Bandung,17710.14,2,2026-03-08
1792,924,Monitor,Medan,4507.35,5,2026-01-28
1793,890,Webcam,Bandung,463.85,1,2026-04-07
1794,128,Keyboard,Jakarta,644.8,5,2026-03-02
1795,490,Monitor,Jakarta,2038.03,3,2026-01-02
1796,682,Headset,Jakarta,464.63,5,2026-01-02
1797,385,Headset,Makassar,1977.72,3,2026-05-05
1798,485,Keyboard,Makassar,758.29,3,2026-06-24
1799,912,Keyboard,Surabaya,1261.9,3,2026-06-20
1800,409,Monitor,Makassar,2228.97,3,2026-03-26
1801,826,Laptop,Jakarta,13483.03,4,2026-02-05
1802,27,Headset,Jakarta,1777.31,3,2026-06-29
1803,770,Mouse,Surabaya,280.77,4,2026-05-12
1804,424,Webcam,Bandung,402.5,3,2026-01-05
1805,649,Keyboard,Jakarta,1460.48,3,2026-06-23
1806,455,Mouse,Makassar,293.81,5,2026-01-21
1807,357,Monitor,Medan,5947.49,1,2026-04-09
1808,301,Headset,Bandung,1510.3,5,2026-05-27
1809,804,Webcam,Makassar,425.4,4,2026-01-23
1810,309,Webcam,Makassar,1189.78,4,2026-02-13
1811,918,Monitor,Jakarta,3928.67,5,2026-03-03
1812,250,Mouse,Bandung,401.3,1,2026-01-28
1813,446,Webcam,Jakarta,528.19,3,2026-04-09
1814,785,Keyboard,Bandung,1134.93,4,2026-06-21
1815,127,Webcam,Bandung,1138.19,4,2026-01-24
1816,815,Webcam,Surabaya,1097.55,5,2026-06-03
1817,67,Webcam,Surabaya,701.61,4,2026-06-17
1818,658,Headset,Medan,1674.36,2,2026-03-08
1819,119,Keyboard,Jakarta,344.8,3,2026-06-01
1820,960,Mouse,Jakarta,329.14,2,2026-03-22
1821,977,Monitor,Makassar,4947.67,3,2026-01-16
1822,605,Headset,Bandung,1740.1,4,2026-03-23
1823,790,Keyboard,Bandung,875.68,5,2026-06-01
1824,228,Laptop,Medan,8110.26,4,2026-03-22
1825,149,Keyboard,Bandung,849.78,4,2026-02-07
1826,616,Keyboard,Bandung,1171.18,1,2026-06-03
1827,328,Keyboard,Makassar,1487.44,1,2026-03-12
1828,869,Webcam,Makassar,782.63,2,2026-05-07
1829,299,Webcam,Medan,447.05,3,2026-02-09
1830,848,Webcam,Bandung,1078.46,2,2026-06-29
1831,754,Laptop,Bandung,18281.35,4,2026-03-18
1832,835,Webcam,Bandung,1192.85,5,2026-04-11
1833,346,Monitor,Medan,5961.26,4,2026-04-11
1834,74,Headset,Surabaya,780.02,2,2026-06-29
1835,877,Headset,Medan,465.44,3,2026-05-29
1836,887,Laptop,Surabaya,13490.39,2,2026-05-28
1837,141,Monitor,Medan,3164.33,2,2026-02-23
1838,224,Webcam,Bandung,988.26,1,2026-04-03
1839,744,Headset,Jakarta,1453.14,2,2026-04-07
1840,974,Monitor,Bandung,5703.94,1,2026-04-02
1841,998,Monitor,Bandung,5780.25,1,2026-05-12
1842,666,Keyboard,Makassar,763.97,2,2026-06-10
1843,740,Monitor,Bandung,2135.97,2,2026-04-12
1844,501,Keyboard,Makassar,1440.92,4,2026-06-27
1845,815,Webcam,Jakarta,1022.18,4,2026-03-12
1846,648,Webcam,Medan,693.86,1,2026-01-30
1847,85,Laptop,Medan,15696.91,5,2026-02-27
1848,24,Headset,Makassar,1978.49,4,2026-03-12
1849,711,Webcam,Jakarta,1035.47,2,2026-04-09
1850,496,Webcam,Medan,638.69,2,2026-01-26
1851,334,Laptop,Makassar,10218.68,1,2026-04-11
1852,570,Headset,Makassar,1130.56,5,2026-05-30
1853,552,Webcam,Jakarta,1002.81,2,2026-06-18
1854,920,Laptop,Bandung,18344.04,2,2026-01-02
1855,569,Monitor,Surabaya,2492.18,2,2026-05-28
1856,212,Webcam,Bandung,470.26,3,2026-01-09
1857,87,Laptop,Makassar,11582.94,5,2026-02-13
1858,434,Webcam,Jakarta,598.67,1,2026-05-13
1859,927,Keyboard,Makassar,778.4,5,2026-05-06
1860,712,Keyboard,Makassar,1384.02,3,2026-06-05
1861,552,Headset,Bandung,1469.48,1,2026-03-02
1862,38,Mouse,Bandung,219.88,2,2026-02-04
1863,617,Headset,Bandung,1306.03,3,2026-02-02
1864,747,Headset,Medan,426.41,3,2026-03-08
1865,391,Webcam,Bandung,720.05,1,2026-03-07
1866,693,Monitor,Bandung,4143.62,1,2026-06-11
1867,751,Keyboard,Bandung,1128.78,5,2026-06-18
1868,664,Headset,Makassar,578.87,2,2026-03-22
1869,807,Monitor,Medan,2103.64,5,2026-03-05
1870,80,Keyboard,Jakarta,890.91,5,2026-04-15
1871,68,Keyboard,Jakarta,671.67,3,2026-03-11
1872,150,Mouse,Surabaya,103.95,4,2026-02-26
1873,388,Laptop,Jakarta,10108.78,3,2026-05-31
1874,842,Monitor,Jakarta,4115.84,5,2026-03-14
1875,565,Keyboard,Makassar,328.79,1,2026-02-13
1876,326,Monitor,Bandung,3380.69,5,2026-05-22
1877,609,Monitor,Medan,4369.24,3,2026-01-03
1878,704,Headset,Bandung,1417.86,2,2026-04-07
1879,582,Webcam,Surabaya,442.29,3,2026-03-05
1880,695,Headset,Medan,1501.54,2,2026-04-23
1881,363,Monitor,Makassar,3147.28,4,2026-05-14
1882,965,Webcam,Bandung,644.15,1,2026-03-20
1883,417,Keyboard,Jakarta,1025.08,1,2026-03-03
1884,968,Laptop,Bandung,14903.8,1,2026-03-15
1885,568,Monitor,Jakarta,5848.67,4,2026-06-23
1886,521,Webcam,Bandung,783.72,5,2026-06-25
1887,694,Headset,Jakarta,989.3,5,2026-02-18
1888,933,Webcam,Jakarta,971.33,5,2026-03-30
1889,251,Webcam,Makassar,947.26,1,2026-06-05
1890,460,Mouse,Makassar,461.52,2,2026-01-20
1891,376,Mouse,Makassar,241.32,1,2026-04-19
1892,508,Monitor,Bandung,3493.13,1,2026-03-28
1893,936,Webcam,Bandung,1065.38,1,2026-03-16
1894,307,Monitor,Surabaya,3059.0,1,2026-06-11
1895,583,Monitor,Bandung,5692.23,5,2026-01-10
1896,958,Monitor,Makassar,5393.41,1,2026-04-02
1897,7,Headset,Medan,858.54,3,2026-01-28
1898,6,Keyboard,Bandung,722.69,1,2026-01-26
1899,442,Monitor,Bandung,2338.98,5,2026-02-09
1900,421,Laptop,Medan,8082.93,3,2026-02-27
1901,482,Monitor,Surabaya,3197.14,4,2026-02-16
1902,550,Keyboard,Jakarta,1486.18,4,2026-02-11
1903,144,Keyboard,Medan,207.55,2,2026-01-29
1904,195,Keyboard,Jakarta,373.78,4,2026-03-26
1905,923,Laptop,Bandung,15994.46,4,2026-06-20
1906,273,Laptop,Medan,13868.81,4,2026-06-24
1907,732,Mouse,Surabaya,400.44,4,2026-05-09
1908,744,Webcam,Medan,505.13,1,2026-01-06
1909,130,Mouse,Surabaya,300.0,2,2026-01-14
1910,695,Keyboard,Medan,1469.37,1,2026-04-22
1911,492,Keyboard,Surabaya,831.71,4,2026-03-05
1912,633,Mouse,Makassar,174.74,3,2026-01-30
1913,885,Keyboard,Bandung,1066.23,4,2026-02-20
1914,486,Webcam,Jakarta,960.92,5,2026-06-06
1915,186,Mouse,Makassar,351.56,2,2026-02-28
1916,124,Mouse,Medan,115.35,2,2026-02-07
1917,437,Laptop,Makassar,10395.72,1,2026-04-08
1918,418,Headset,Surabaya,1490.27,2,2026-02-26
1919,345,Monitor,Medan,2245.4,4,2026-06-14
1920,53,Keyboard,Jakarta,550.02,3,2026-03-31
1921,729,Monitor,Bandung,3279.36,1,2026-02-16
1922,42,Laptop,Jakarta,15925.17,3,2026-02-24
1923,293,Monitor,Surabaya,5633.93,1,2026-04-21
1924,190,Keyboard,Medan,672.66,3,2026-01-29
1925,100,Webcam,Jakarta,946.37,2,2026-03-26
1926,370,Webcam,Surabaya,994.35,5,2026-05-16
1927,620,Keyboard,Bandung,1045.32,2,2026-05-30
1928,394,Laptop,Jakarta,9565.82,5,2026-01-31
1929,43,Headset,Bandung,627.98,4,2026-01-26
1930,77,Headset,Makassar,882.93,4,2026-02-21
1931,547,Webcam,Bandung,435.05,2,2026-04-18
1932,564,Webcam,Surabaya,1113.27,5,2026-03-30
1933,917,Keyboard,Medan,1018.82,1,2026-04-22
1934,70,Monitor,Medan,4095.05,5,2026-01-06
1935,171,Headset,Surabaya,1484.4,2,2026-03-16
1936,47,Headset,Jakarta,1650.46,2,2026-04-12
1937,507,Webcam,Makassar,1096.2,1,2026-02-12
1938,449,Headset,Medan,1256.25,4,2026-04-13
1939,622,Keyboard,Bandung,439.29,2,2026-05-27
1940,224,Headset,Jakarta,1794.56,5,2026-04-27
1941,516,Webcam,Makassar,607.07,2,2026-03-17
1942,726,Keyboard,Makassar,354.83,2,2026-01-12
1943,547,Mouse,Surabaya,115.64,2,2026-03-13
1944,950,Mouse,Surabaya,449.35,1,2026-06-14
1945,255,Mouse,Makassar,146.47,3,2026-06-11
1946,620,Keyboard,Surabaya,308.22,5,2026-03-09
1947,740,Mouse,Medan,459.33,3,2026-03-25
1948,59,Webcam,Jakarta,1059.15,2,2026-03-13
1949,181,Keyboard,Jakarta,898.61,5,2026-01-28
1950,740,Webcam,Medan,1156.53,3,2026-06-10
1951,650,Headset,Makassar,650.47,4,2026-02-26
1952,333,Keyboard,Bandung,956.16,4,2026-02-09
1953,457,Mouse,Medan,247.46,4,2026-01-24
1954,508,Mouse,Medan,174.01,2,2026-02-18
1955,584,Monitor,Bandung,4590.26,1,2026-03-21
1956,167,Mouse,Medan,374.95,2,2026-01-18
1957,147,Laptop,Medan,10943.05,4,2026-01-26
1958,742,Headset,Bandung,1535.5,1,2026-06-04
1959,103,Monitor,Medan,2082.86,1,2026-06-14
1960,958,Laptop,Bandung,10980.12,1,2026-03-10
1961,147,Webcam,Makassar,410.8,1,2026-01-28
1962,556,Webcam,Surabaya,1082.18,1,2026-02-21
1963,143,Monitor,Makassar,5569.56,2,2026-03-20
1964,340,Monitor,Bandung,2975.24,5,2026-06-27
1965,274,Webcam,Makassar,498.46,1,2026-01-27
1966,558,Keyboard,Jakarta,865.01,4,2026-02-06
1967,2,Mouse,Jakarta,190.67,4,2026-02-07
1968,362,Webcam,Surabaya,580.71,4,2026-06-25
1969,906,Webcam,Jakarta,793.46,1,2026-02-27
1970,105,Keyboard,Surabaya,299.18,3,2026-01-31
1971,370,Laptop,Jakarta,15254.08,2,2026-04-20
1972,544,Keyboard,Makassar,435.78,4,2026-02-08
1973,915,Webcam,Surabaya,899.81,3,2026-03-31
1974,897,Laptop,Surabaya,18994.81,3,2026-03-09
1975,831,Webcam,Jakarta,1031.08,2,2026-06-17
1976,151,Keyboard,Bandung,707.78,4,2026-01-18
1977,116,Headset,Medan,1931.3,3,2026-02-07
1978,93,Keyboard,Bandung,436.43,4,2026-04-01
1979,327,Monitor,Medan,3925.15,4,2026-06-04
1980,813,Webcam,Surabaya,510.58,2,2026-04-09
1981,429,Headset,Medan,1215.87,4,2026-05-17
1982,550,Mouse,Medan,133.45,4,2026-05-15
1983,592,Webcam,Bandung,962.47,2,2026-04-03
1984,3,Mouse,Jakarta,244.96,4,2026-02-04
1985,944,Laptop,Jakarta,18936.34,3,2026-02-05
1986,302,Monitor,Bandung,5341.01,5,2026-04-18
1987,249,Mouse,Bandung,122.35,2,2026-01-31
1988,986,Webcam,Bandung,701.97,1,2026-06-28
1989,989,Monitor,Surabaya,2216.33,1,2026-06-19
1990,596,Laptop,Medan,18049.25,2,2026-01-08
1991,151,Keyboard,Bandung,302.69,1,2026-01-04
1992,583,Monitor,Bandung,5061.67,4,2026-02-05
1993,767,Headset,Surabaya,1099.31,3,2026-04-24
1994,801,Webcam,Jakarta,629.42,2,2026-01-16
1995,903,Webcam,Jakarta,883.34,2,2026-05-09
1996,165,Laptop,Medan,17992.16,4,2026-05-22
1997,729,Keyboard,Makassar,852.43,2,2026-04-19
1998,954,Mouse,Surabaya,489.25,5,2026-04-07
1999,974,Mouse,Bandung,260.16,1,2026-02-26
2000,402,Mouse,Makassar,342.03,1,2026-06-27
2001,480,Monitor,Surabaya,4610.8,4,2026-04-08
2002,169,Laptop,Surabaya,15759.77,2,2026-03-11
2003,112,Laptop,Jakarta,12352.42,3,2026-01-08
2004,246,Keyboard,Bandung,904.04,1,2026-02-24
2005,612,Laptop,Surabaya,10252.93,2,2026-06-13
2006,952,Laptop,Bandung,11230.02,5,2026-05-25
2007,46,Headset,Medan,377.66,3,2026-01-24
2008,967,Keyboard,Jakarta,1474.7,3,2026-04-12
2009,513,Mouse,Surabaya,400.74,3,2026-02-03
2010,720,Webcam,Jakarta,665.05,5,2026-01-26
2011,515,Mouse,Jakarta,334.87,4,2026-05-03
2012,601,Laptop,Surabaya,9934.68,4,2026-01-21
2013,907,Webcam,Jakarta,1162.25,2,2026-02-25
2014,827,Webcam,Bandung,1015.06,2,2026-05-09
2015,529,Webcam,Makassar,921.12,3,2026-04-25
2016,805,Mouse,Surabaya,216.34,5,2026-04-21
2017,41,Webcam,Medan,591.29,5,2026-06-05
2018,77,Mouse,Makassar,351.12,4,2026-01-25
2019,825,Laptop,Bandung,17195.81,3,2026-05-21
2020,889,Laptop,Medan,9129.37,3,2026-02-13
2021,957,Keyboard,Bandung,288.61,5,2026-04-04
2022,362,Laptop,Jakarta,10150.24,4,2026-03-08
2023,485,Keyboard,Medan,1045.38,2,2026-02-01
2024,996,Headset,Medan,367.31,3,2026-04-13
2025,419,Headset,Bandung,1049.41,5,2026-06-09
2026,975,Keyboard,Surabaya,308.54,4,2026-05-10
2027,461,Keyboard,Jakarta,1006.8,1,2026-03-04
2028,717,Headset,Jakarta,562.76,1,2026-03-16
2029,385,Mouse,Makassar,259.71,1,2026-02-27
2030,398,Monitor,Jakarta,3395.75,4,2026-06-14
2031,548,Monitor,Jakarta,2343.29,1,2026-04-12
2032,787,Monitor,Bandung,3606.08,1,2026-03-23
2033,351,Headset,Medan,661.48,4,2026-01-30
2034,286,Monitor,Jakarta,4180.32,4,2026-02-07
2035,656,Mouse,Surabaya,327.28,5,2026-04-08
2036,64,Keyboard,Medan,1472.13,2,2026-01-14
2037,217,Laptop,Medan,11238.18,2,2026-01-22
2038,146,Laptop,Surabaya,12860.82,3,2026-04-26
2039,893,Monitor,Makassar,2856.42,3,2026-02-17
2040,851,Laptop,Jakarta,18739.48,4,2026-03-29
2041,987,Keyboard,Bandung,458.19,4,2026-05-04
2042,487,Headset,Bandung,1941.5,4,2026-04-01
2043,935,Webcam,Makassar,711.31,1,2026-05-24
2044,802,Headset,Bandung,432.27,5,2026-06-07
2045,149,Keyboard,Surabaya,218.44,4,2026-02-07
2046,512,Keyboard,Jakarta,1229.62,4,2026-03-09
2047,534,Webcam,Jakarta,1190.59,2,2026-06-12
2048,461,Webcam,Makassar,477.96,2,2026-02-18
2049,431,Webcam,Makassar,1019.51,5,2026-04-07
2050,222,Keyboard,Bandung,1438.09,5,2026-01-04
2051,380,Keyboard,Jakarta,592.53,3,2026-05-09
2052,839,Laptop,Medan,15786.94,4,2026-04-16
2053,421,Keyboard,Surabaya,1276.64,4,2026-05-14
2054,998,Keyboard,Jakarta,1404.25,4,2026-04-20
2055,383,Mouse,Makassar,337.96,5,2026-04-22
2056,391,Keyboard,Medan,1024.34,5,2026-01-26
2057,90,Laptop,Jakarta,15795.5,5,2026-04-16
2058,107,Monitor,Makassar,5708.92,1,2026-06-12
2059,455,Headset,Makassar,1669.98,3,2026-04-18
2060,217,Mouse,Medan,320.64,1,2026-02-20
2061,877,Monitor,Jakarta,3402.45,4,2026-04-16
2062,930,Webcam,Medan,406.08,3,2026-02-27
2063,520,Keyboard,Surabaya,1343.49,3,2026-03-20
2064,859,Monitor,Bandung,2016.63,4,2026-01-09
2065,16,Laptop,Bandung,17486.12,5,2026-06-03
2066,326,Keyboard,Bandung,1446.91,4,2026-03-03
2067,570,Monitor,Bandung,4465.07,4,2026-01-14
2068,821,Headset,Medan,519.08,4,2026-02-14
2069,413,Keyboard,Makassar,405.98,2,2026-01-26
2070,728,Mouse,Makassar,147.35,5,2026-04-11
2071,864,Webcam,Surabaya,1069.87,2,2026-03-24
2072,209,Laptop,Jakarta,8307.68,1,2026-06-10
2073,789,Headset,Bandung,347.29,5,2026-01-21
2074,586,Monitor,Jakarta,4969.36,2,2026-04-27
2075,650,Webcam,Surabaya,549.24,2,2026-03-18
2076,199,Headset,Bandung,1534.73,4,2026-03-08
2077,676,Laptop,Surabaya,8995.56,2,2026-06-10
2078,24,Webcam,Makassar,1093.55,1,2026-04-28
2079,950,Headset,Jakarta,482.03,3,2026-03-09
2080,917,Mouse,Jakarta,130.95,3,2026-02-23
2081,401,Laptop,Medan,17545.3,4,2026-01-19
2082,499,Webcam,Jakarta,568.24,4,2026-04-07
2083,912,Keyboard,Medan,1251.11,2,2026-03-18
2084,11,Mouse,Makassar,352.49,1,2026-01-31
2085,1000,Keyboard,Surabaya,829.08,5,2026-06-03
2086,560,Laptop,Bandung,14260.98,3,2026-02-01
2087,198,Headset,Jakarta,1211.12,5,2026-05-12
2088,780,Mouse,Bandung,446.75,1,2026-02-25
2089,31,Keyboard,Bandung,485.69,2,2026-03-10
2090,281,Monitor,Bandung,5812.92,3,2026-05-22
2091,668,Keyboard,Medan,1168.75,4,2026-04-22
2092,525,Monitor,Bandung,3000.37,2,2026-06-25
2093,867,Webcam,Surabaya,1169.5,1,2026-05-30
2094,813,Headset,Surabaya,581.61,2,2026-05-05
2095,444,Monitor,Medan,4385.32,3,2026-03-23
2096,638,Laptop,Makassar,12596.55,2,2026-05-26
2097,362,Keyboard,Jakarta,784.22,1,2026-05-11
2098,260,Headset,Medan,798.91,5,2026-04-01
2099,408,Laptop,Jakarta,10158.85,3,2026-04-20
2100,810,Mouse,Surabaya,198.13,2,2026-06-18
2101,381,Keyboard,Bandung,1213.37,1,2026-01-03
2102,327,Webcam,Jakarta,973.44,2,2026-04-30
2103,582,Keyboard,Bandung,930.13,4,2026-03-14
2104,617,Mouse,Makassar,186.99,5,2026-03-13
2105,734,Headset,Jakarta,1275.71,4,2026-06-24
2106,775,Monitor,Surabaya,5253.58,2,2026-02-20
2107,51,Monitor,Medan,2187.17,3,2026-04-18
2108,123,Laptop,Medan,10053.68,3,2026-06-01
2109,393,Mouse,Makassar,108.51,1,2026-06-14
2110,803,Headset,Jakarta,1849.79,3,2026-02-03
2111,862,Monitor,Jakarta,5583.32,5,2026-01-11
2112,346,Webcam,Jakarta,455.56,1,2026-04-17
2113,741,Keyboard,Surabaya,612.35,3,2026-04-13
2114,82,Headset,Surabaya,1139.49,1,2026-04-11
2115,306,Webcam,Medan,794.67,1,2026-04-06
2116,961,Headset,Jakarta,349.79,1,2026-01-03
2117,143,Laptop,Surabaya,18336.67,4,2026-02-27
2118,175,Laptop,Bandung,16689.29,3,2026-05-18
2119,6,Webcam,Jakarta,607.75,1,2026-01-29
2120,50,Keyboard,Jakarta,542.85,5,2026-04-08
2121,277,Webcam,Bandung,1139.89,5,2026-04-28
2122,123,Mouse,Surabaya,444.76,5,2026-04-16
2123,653,Monitor,Jakarta,4087.05,2,2026-05-28
2124,490,Webcam,Medan,1181.08,3,2026-05-04
2125,232,Laptop,Surabaya,17194.42,1,2026-04-01
2126,572,Mouse,Bandung,377.99,1,2026-05-07
2127,62,Mouse,Jakarta,368.2,4,2026-04-09
2128,193,Monitor,Jakarta,3361.8,5,2026-05-16
2129,527,Keyboard,Surabaya,1121.07,2,2026-05-10
2130,109,Mouse,Bandung,466.68,4,2026-04-26
2131,889,Headset,Makassar,645.14,4,2026-02-18
2132,71,Keyboard,Medan,413.46,3,2026-05-28
2133,664,Laptop,Bandung,13531.45,1,2026-01-29
2134,247,Laptop,Medan,10244.36,1,2026-05-02
2135,678,Headset,Medan,898.33,1,2026-05-21
2136,87,Keyboard,Medan,475.69,4,2026-05-09
2137,442,Headset,Surabaya,390.37,3,2026-04-05
2138,101,Laptop,Medan,16784.02,4,2026-02-19
2139,302,Mouse,Medan,170.66,3,2026-05-16
2140,623,Monitor,Makassar,3734.26,1,2026-06-15
2141,255,Laptop,Bandung,9382.25,1,2026-05-28
2142,273,Mouse,Jakarta,312.85,3,2026-02-27
2143,904,Headset,Medan,966.24,1,2026-02-26
2144,752,Webcam,Surabaya,796.14,2,2026-02-22
2145,356,Webcam,Surabaya,964.68,3,2026-01-01
2146,97,Mouse,Makassar,463.11,5,2026-05-03
2147,757,Keyboard,Bandung,421.3,1,2026-02-12
2148,192,Keyboard,Medan,384.38,1,2026-06-20
2149,486,Monitor,Surabaya,2083.31,3,2026-01-20
2150,175,Webcam,Jakarta,875.2,4,2026-05-30
2151,2,Monitor,Bandung,3890.27,1,2026-01-05
2152,581,Webcam,Surabaya,1068.29,5,2026-05-09
2153,172,Mouse,Jakarta,140.0,3,2026-04-26
2154,503,Webcam,Surabaya,1191.83,3,2026-06-19
2155,499,Keyboard,Surabaya,796.38,3,2026-03-19
2156,728,Keyboard,Makassar,1206.88,5,2026-05-04
2157,116,Keyboard,Makassar,1146.68,1,2026-02-07
2158,421,Mouse,Bandung,242.88,1,2026-03-04
2159,592,Webcam,Medan,687.54,1,2026-02-19
2160,943,Monitor,Jakarta,5861.81,5,2026-04-26
2161,982,Headset,Bandung,751.03,3,2026-03-26
2162,401,Headset,Medan,1906.95,3,2026-03-21
2163,196,Laptop,Makassar,14240.93,3,2026-06-06
2164,126,Monitor,Medan,4266.65,3,2026-03-15
2165,113,Laptop,Medan,19126.8,2,2026-04-30
2166,698,Mouse,Makassar,486.67,5,2026-05-23
2167,681,Mouse,Surabaya,294.73,1,2026-03-17
2168,16,Monitor,Jakarta,2869.3,5,2026-02-01
2169,55,Monitor,Surabaya,2020.36,3,2026-06-19
2170,855,Laptop,Jakarta,11017.2,3,2026-03-14
2171,805,Headset,Makassar,563.56,1,2026-03-11
2172,147,Webcam,Bandung,745.64,1,2026-03-16
2173,225,Laptop,Medan,19195.22,2,2026-06-23
2174,653,Monitor,Medan,3596.45,1,2026-03-08
2175,943,Keyboard,Makassar,603.96,5,2026-04-22
2176,696,Keyboard,Makassar,380.93,2,2026-03-06
2177,139,Monitor,Makassar,2798.09,3,2026-01-22
2178,305,Headset,Medan,1227.91,4,2026-04-22
2179,99,Mouse,Makassar,276.76,3,2026-05-09
2180,958,Webcam,Surabaya,774.7,4,2026-04-30
2181,431,Monitor,Medan,2110.69,5,2026-01-07
2182,981,Monitor,Jakarta,5023.43,5,2026-03-19
2183,806,Mouse,Makassar,304.88,2,2026-06-08
2184,557,Headset,Surabaya,391.01,4,2026-02-02
2185,413,Webcam,Jakarta,770.25,5,2026-04-28
2186,860,Laptop,Jakarta,8656.31,1,2026-03-27
2187,609,Laptop,Surabaya,14785.32,3,2026-01-16
2188,125,Webcam,Makassar,939.53,1,2026-06-29
2189,210,Headset,Bandung,1255.48,4,2026-02-04
2190,229,Webcam,Bandung,640.71,3,2026-01-02
2191,825,Monitor,Makassar,4751.1,1,2026-01-18
2192,1,Mouse,Makassar,451.96,5,2026-01-25
2193,254,Mouse,Jakarta,289.5,5,2026-04-24
2194,401,Laptop,Jakarta,11599.09,4,2026-02-17
2195,840,Mouse,Makassar,204.11,5,2026-06-24
2196,450,Webcam,Makassar,498.56,2,2026-06-12
2197,23,Mouse,Bandung,427.42,2,2026-02-13
2198,524,Webcam,Makassar,560.28,4,2026-03-16
2199,297,Webcam,Jakarta,1167.27,4,2026-04-05
2200,684,Keyboard,Medan,701.57,1,2026-04-29
2201,427,Monitor,Bandung,2111.88,4,2026-01-31
2202,578,Monitor,Jakarta,4322.15,1,2026-06-15
2203,667,Webcam,Makassar,755.58,3,2026-02-05
2204,480,Webcam,Medan,621.52,2,2026-04-02
2205,513,Headset,Bandung,893.02,5,2026-04-10
2206,526,Laptop,Bandung,15871.03,3,2026-06-17
2207,737,Headset,Surabaya,1081.12,2,2026-03-13
2208,804,Webcam,Surabaya,1138.78,1,2026-06-15
2209,496,Monitor,Medan,4423.37,2,2026-05-28
2210,726,Headset,Makassar,740.68,3,2026-05-31
2211,979,Headset,Surabaya,1293.64,4,2026-01-18
2212,47,Laptop,Bandung,10780.45,1,2026-05-08
2213,957,Webcam,Medan,658.93,2,2026-03-02
2214,108,Mouse,Medan,402.33,4,2026-01-17
2215,64,Headset,Surabaya,494.61,1,2026-04-24
2216,782,Keyboard,Makassar,1020.68,1,2026-02-14
2217,329,Laptop,Medan,12531.55,5,2026-05-23
2218,205,Mouse,Surabaya,296.44,3,2026-02-27
2219,207,Webcam,Bandung,747.25,5,2026-02-19
2220,89,Headset,Jakarta,1369.5,1,2026-02-22
2221,35,Mouse,Jakarta,243.82,4,2026-05-26
2222,560,Laptop,Surabaya,10223.65,5,2026-05-08
2223,195,Mouse,Makassar,431.03,5,2026-04-01
2224,366,Headset,Makassar,1750.82,1,2026-04-23
2225,438,Webcam,Medan,1099.18,5,2026-01-21
2226,131,Headset,Surabaya,471.55,4,2026-03-01
2227,53,Headset,Makassar,862.56,2,2026-03-16
2228,945,Keyboard,Medan,1114.26,1,2026-02-10
2229,992,Keyboard,Jakarta,894.75,2,2026-05-13
2230,955,Headset,Makassar,830.81,5,2026-01-15
2231,560,Webcam,Jakarta,866.22,3,2026-06-17
2232,31,Laptop,Surabaya,13056.87,2,2026-03-27
2233,910,Laptop,Bandung,10450.8,3,2026-06-19
2234,935,Laptop,Bandung,13922.66,5,2026-06-06
2235,720,Laptop,Surabaya,19772.67,4,2026-06-03
2236,758,Headset,Jakarta,1808.78,4,2026-02-03
2237,278,Webcam,Jakarta,483.25,4,2026-05-10
2238,231,Webcam,Surabaya,745.21,3,2026-02-28
2239,22,Laptop,Jakarta,17283.36,2,2026-05-17
2240,623,Monitor,Jakarta,4209.98,1,2026-04-10
2241,785,Monitor,Bandung,3718.87,4,2026-05-21
2242,142,Laptop,Medan,9415.91,5,2026-04-05
2243,361,Mouse,Surabaya,274.61,1,2026-03-02
2244,238,Laptop,Makassar,8120.6,4,2026-05-18
2245,582,Laptop,Jakarta,18479.07,2,2026-01-15
2246,79,Laptop,Bandung,13262.67,3,2026-01-12
2247,322,Keyboard,Makassar,1051.77,2,2026-03-16
2248,133,Headset,Medan,1113.79,1,2026-06-18
2249,79,Laptop,Surabaya,19260.44,2,2026-05-07
2250,723,Webcam,Surabaya,1118.11,2,2026-04-24
2251,731,Keyboard,Surabaya,1214.27,3,2026-06-17
2252,251,Headset,Surabaya,842.06,5,2026-05-09
2253,107,Laptop,Surabaya,18805.1,5,2026-05-05
2254,287,Laptop,Bandung,18944.59,5,2026-03-01
2255,313,Webcam,Makassar,568.62,3,2026-02-06
2256,37,Mouse,Medan,359.96,4,2026-01-30
2257,22,Monitor,Jakarta,3081.19,5,2026-04-09
2258,308,Laptop,Jakarta,11349.11,5,2026-04-09
2259,508,Laptop,Medan,12615.96,1,2026-02-27
2260,211,Monitor,Bandung,4639.7,5,2026-01-14
2261,677,Keyboard,Jakarta,904.01,3,2026-01-07
2262,932,Headset,Surabaya,1868.59,3,2026-06-01
2263,222,Laptop,Surabaya,16709.44,5,2026-04-22
2264,887,Monitor,Jakarta,5229.59,5,2026-04-10
2265,976,Webcam,Surabaya,1086.81,5,2026-04-29
2266,435,Headset,Makassar,1607.32,3,2026-02-11
2267,984,Monitor,Medan,4982.54,2,2026-02-03
2268,930,Laptop,Surabaya,17595.07,3,2026-01-22
2269,256,Headset,Surabaya,873.81,4,2026-01-10
2270,631,Keyboard,Surabaya,549.37,3,2026-06-17
2271,830,Headset,Jakarta,511.32,5,2026-06-19
2272,329,Keyboard,Bandung,776.95,1,2026-04-23
2273,10,Monitor,Jakarta,5863.54,4,2026-06-13
2274,865,Headset,Bandung,994.64,5,2026-01-21
2275,284,Headset,Makassar,833.85,1,2026-04-23
2276,185,Keyboard,Surabaya,537.4,4,2026-02-02
2277,233,Webcam,Bandung,517.52,5,2026-06-17
2278,51,Mouse,Jakarta,361.84,2,2026-06-25
2279,519,Monitor,Makassar,3269.34,5,2026-02-28
2280,63,Webcam,Surabaya,1180.23,1,2026-06-23
2281,866,Keyboard,Makassar,1133.82,5,2026-03-02
2282,359,Laptop,Jakarta,14083.26,1,2026-05-11
2283,80,Mouse,Bandung,230.32,3,2026-06-24
2284,426,Laptop,Medan,18510.24,2,2026-01-07
2285,335,Headset,Surabaya,869.48,4,2026-06-16
2286,384,Monitor,Surabaya,4487.67,2,2026-04-05
2287,46,Keyboard,Bandung,1385.43,1,2026-01-28
2288,624,Mouse,Surabaya,304.32,5,2026-05-29
2289,730,Keyboard,Bandung,692.49,5,2026-01-09
2290,673,Webcam,Bandung,704.87,1,2026-01-20
2291,982,Mouse,Makassar,301.4,5,2026-06-11
2292,562,Webcam,Medan,831.17,1,2026-05-16
2293,818,Laptop,Makassar,13667.95,5,2026-05-14
2294,452,Keyboard,Surabaya,453.53,5,2026-03-17
2295,933,Mouse,Surabaya,197.23,3,2026-03-01
2296,467,Keyboard,Jakarta,1101.0,4,2026-04-15
2297,371,Laptop,Surabaya,14725.49,1,2026-04-03
2298,670,Monitor,Makassar,2921.4,4,2026-02-28
2299,584,Mouse,Makassar,197.98,4,2026-06-22
2300,599,Webcam,Bandung,884.44,3,2026-03-29
2301,322,Laptop,Jakarta,12902.03,5,2026-02-07
2302,590,Monitor,Bandung,5599.49,4,2026-01-04
2303,171,Laptop,Medan,11160.51,5,2026-05-01
2304,761,Laptop,Bandung,18433.51,4,2026-01-07
2305,707,Mouse,Jakarta,152.95,5,2026-04-10
2306,926,Monitor,Surabaya,2509.81,5,2026-03-03
2307,730,Keyboard,Jakarta,637.85,3,2026-06-01
2308,624,Headset,Jakarta,1990.03,1,2026-01-19
2309,757,Keyboard,Medan,1383.88,4,2026-04-22
2310,297,Monitor,Bandung,4933.77,5,2026-05-11
2311,86,Mouse,Jakarta,337.42,3,2026-06-22
2312,665,Monitor,Medan,3281.75,2,2026-05-11
2313,740,Headset,Surabaya,1906.11,1,2026-03-01
2314,305,Monitor,Surabaya,2193.15,5,2026-05-15
2315,594,Headset,Medan,784.94,4,2026-03-23
2316,776,Mouse,Bandung,116.77,2,2026-04-21
2317,532,Keyboard,Makassar,1343.46,3,2026-01-26
2318,356,Keyboard,Bandung,354.12,3,2026-05-05
2319,450,Mouse,Bandung,215.39,3,2026-06-05
2320,772,Laptop,Bandung,15997.2,2,2026-01-25
2321,212,Headset,Makassar,1583.27,1,2026-06-03
2322,925,Laptop,Makassar,14454.99,2,2026-01-02
2323,501,Laptop,Surabaya,10437.69,5,2026-04-20
2324,750,Monitor,Makassar,2504.71,4,2026-03-17
2325,941,Laptop,Jakarta,13332.86,4,2026-05-07
2326,270,Laptop,Bandung,19916.93,1,2026-04-01
2327,823,Laptop,Bandung,16728.34,3,2026-02-10
2328,520,Keyboard,Surabaya,789.5,5,2026-06-22
2329,796,Laptop,Surabaya,18707.27,1,2026-04-21
2330,103,Webcam,Makassar,654.02,5,2026-06-19
2331,858,Webcam,Jakarta,1159.35,1,2026-03-04
2332,141,Headset,Medan,1782.6,2,2026-06-22
2333,201,Keyboard,Medan,396.86,2,2026-05-08
2334,290,Mouse,Bandung,353.91,1,2026-05-13
2335,878,Webcam,Bandung,402.56,1,2026-05-06
2336,572,Headset,Bandung,1506.98,1,2026-04-18
2337,705,Keyboard,Makassar,694.38,5,2026-03-02
2338,654,Keyboard,Medan,889.6,2,2026-03-18
2339,861,Mouse,Surabaya,367.19,4,2026-06-11
2340,402,Headset,Surabaya,1223.8,3,2026-01-25
2341,225,Laptop,Surabaya,13035.13,4,2026-03-25
2342,254,Webcam,Medan,492.66,4,2026-03-23
2343,677,Laptop,Surabaya,16363.62,2,2026-05-04
2344,861,Monitor,Makassar,3648.01,2,2026-01-08
2345,298,Keyboard,Makassar,479.64,4,2026-01-16
2346,576,Keyboard,Surabaya,1077.49,4,2026-04-11
2347,829,Monitor,Medan,3594.72,1,2026-03-10
2348,498,Webcam,Bandung,671.87,1,2026-03-20
2349,459,Monitor,Bandung,4290.02,2,2026-05-18
2350,212,Webcam,Jakarta,1158.3,5,2026-06-06
2351,338,Mouse,Makassar,315.91,1,2026-04-08
2352,93,Webcam,Surabaya,1129.78,5,2026-01-17
2353,671,Laptop,Makassar,10525.56,5,2026-02-20
2354,161,Headset,Medan,1761.53,2,2026-03-16
2355,821,Mouse,Surabaya,232.6,2,2026-05-22
2356,751,Mouse,Jakarta,114.43,1,2026-05-15
2357,105,Headset,Medan,1645.28,1,2026-02-10
2358,290,Keyboard,Jakarta,499.01,2,2026-01-09
2359,279,Webcam,Jakarta,1050.4,4,2026-06-17
2360,411,Mouse,Surabaya,444.79,1,2026-01-19
2361,517,Webcam,Medan,416.12,5,2026-06-04
2362,942,Mouse,Jakarta,394.35,4,2026-02-19
2363,852,Headset,Surabaya,1634.11,4,2026-05-12
2364,762,Laptop,Surabaya,11288.6,2,2026-01-26
2365,271,Webcam,Makassar,777.12,3,2026-04-20
2366,96,Mouse,Medan,324.4,4,2026-03-14
2367,930,Webcam,Makassar,805.27,4,2026-01-05
2368,509,Webcam,Medan,1161.17,5,2026-01-28
2369,464,Mouse,Makassar,490.08,4,2026-03-01
2370,458,Keyboard,Medan,932.1,3,2026-03-27
2371,148,Webcam,Jakarta,476.31,2,2026-02-23
2372,886,Monitor,Makassar,2999.88,2,2026-04-14
2373,632,Monitor,Makassar,4892.13,5,2026-03-01
2374,61,Monitor,Surabaya,3647.43,3,2026-02-08
2375,38,Keyboard,Makassar,978.35,1,2026-03-10
2376,707,Mouse,Makassar,417.88,5,2026-05-08
2377,321,Webcam,Bandung,657.47,4,2026-05-12
2378,569,Webcam,Jakarta,1136.98,4,2026-06-29
2379,80,Monitor,Bandung,5027.55,2,2026-05-14
2380,767,Laptop,Bandung,10368.41,1,2026-01-10
2381,907,Monitor,Medan,2682.89,5,2026-05-05
2382,144,Webcam,Makassar,734.52,1,2026-03-17
2383,121,Monitor,Surabaya,4879.77,3,2026-05-14
2384,331,Headset,Surabaya,1258.48,2,2026-02-06
2385,298,Headset,Bandung,1664.78,3,2026-05-13
2386,620,Keyboard,Medan,801.74,3,2026-02-04
2387,169,Headset,Medan,316.7,4,2026-02-15
2388,154,Monitor,Jakarta,5973.24,1,2026-03-21
2389,719,Mouse,Bandung,377.62,5,2026-04-28
2390,339,Laptop,Jakarta,15499.67,5,2026-02-10
2391,69,Keyboard,Makassar,1348.35,3,2026-06-10
2392,15,Mouse,Surabaya,213.68,4,2026-05-30
2393,747,Keyboard,Surabaya,1011.85,4,2026-03-07
2394,575,Headset,Bandung,431.71,2,2026-01-27
2395,749,Mouse,Surabaya,171.33,5,2026-01-27
2396,130,Headset,Makassar,1396.21,4,2026-03-26
2397,590,Headset,Makassar,771.3,5,2026-06-21
2398,932,Monitor,Bandung,2672.4,2,2026-02-25
2399,94,Headset,Bandung,543.67,4,2026-01-01
2400,332,Laptop,Jakarta,9643.7,4,2026-04-19
2401,681,Monitor,Surabaya,3210.23,1,2026-03-03
2402,574,Monitor,Medan,5095.68,4,2026-04-01
2403,320,Headset,Surabaya,1202.17,5,2026-02-24
2404,979,Mouse,Surabaya,384.54,4,2026-05-24
2405,453,Monitor,Surabaya,4741.47,5,2026-04-22
2406,668,Keyboard,Bandung,232.88,3,2026-04-30
2407,790,Webcam,Surabaya,982.79,2,2026-06-07
2408,574,Mouse,Medan,249.68,1,2026-02-20
2409,453,Keyboard,Makassar,453.36,5,2026-03-21
2410,337,Laptop,Surabaya,18989.69,5,2026-01-04
2411,622,Keyboard,Jakarta,1041.38,4,2026-04-12
2412,45,Webcam,Surabaya,619.34,1,2026-05-27
2413,844,Laptop,Medan,19966.78,4,2026-05-06
2414,178,Monitor,Makassar,5229.72,1,2026-04-05
2415,30,Headset,Bandung,1499.59,2,2026-02-03
2416,85,Monitor,Jakarta,2224.19,1,2026-03-22
2417,100,Headset,Surabaya,1971.79,2,2026-06-17
2418,629,Webcam,Jakarta,666.13,3,2026-02-13
2419,928,Headset,Surabaya,1177.78,4,2026-04-17
2420,858,Webcam,Jakarta,451.96,5,2026-02-07
2421,747,Keyboard,Jakarta,424.36,1,2026-03-12
2422,624,Mouse,Makassar,263.7,1,2026-03-21
2423,281,Headset,Surabaya,500.11,4,2026-05-26
2424,857,Webcam,Jakarta,852.95,4,2026-01-23
2425,120,Laptop,Bandung,16754.6,2,2026-03-23
2426,606,Webcam,Jakarta,1013.38,1,2026-02-25
2427,654,Keyboard,Medan,305.66,2,2026-03-20
2428,858,Webcam,Bandung,997.93,2,2026-03-21
2429,55,Monitor,Surabaya,2712.02,2,2026-05-25
2430,324,Monitor,Bandung,5341.1,3,2026-02-21
2431,182,Keyboard,Surabaya,1106.83,3,2026-01-24
2432,502,Keyboard,Makassar,672.7,5,2026-04-26
2433,850,Webcam,Bandung,429.38,5,2026-04-09
2434,160,Headset,Makassar,658.13,4,2026-03-30
2435,662,Webcam,Surabaya,565.96,5,2026-05-22
2436,850,Webcam,Surabaya,472.61,2,2026-03-08
2437,224,Monitor,Surabaya,2125.79,1,2026-05-13
2438,675,Webcam,Bandung,780.17,4,2026-05-31
2439,331,Keyboard,Makassar,691.28,5,2026-01-09
2440,331,Webcam,Jakarta,903.58,1,2026-02-10
2441,432,Monitor,Surabaya,3346.69,1,2026-02-17
2442,936,Keyboard,Surabaya,411.57,5,2026-02-17
2443,771,Laptop,Medan,17710.66,4,2026-06-01
2444,590,Webcam,Medan,984.76,4,2026-03-04
2445,259,Webcam,Surabaya,880.75,4,2026-06-23
2446,411,Keyboard,Jakarta,1462.0,2,2026-05-10
2447,111,Monitor,Medan,5096.29,5,2026-04-13
2448,608,Laptop,Bandung,14146.45,3,2026-06-02
2449,989,Webcam,Makassar,558.77,5,2026-02-05
2450,134,Webcam,Surabaya,1030.86,1,2026-01-24
2451,317,Mouse,Surabaya,283.49,2,2026-04-28
2452,1,Webcam,Bandung,560.33,2,2026-03-19
2453,315,Laptop,Bandung,10834.2,2,2026-04-22
2454,93,Webcam,Bandung,523.31,5,2026-04-06
2455,6,Monitor,Bandung,3378.85,4,2026-05-21
2456,704,Monitor,Bandung,5651.33,4,2026-04-29
2457,724,Mouse,Jakarta,255.03,3,2026-02-04
2458,410,Keyboard,Surabaya,1265.73,4,2026-06-02
2459,404,Headset,Jakarta,889.67,5,2026-01-07
2460,228,Headset,Bandung,1605.33,3,2026-04-03
2461,349,Headset,Jakarta,1337.96,4,2026-01-20
2462,662,Mouse,Bandung,299.98,1,2026-02-24
2463,310,Monitor,Jakarta,3358.35,2,2026-04-19
2464,155,Keyboard,Surabaya,702.86,4,2026-01-09
2465,268,Monitor,Bandung,2654.17,5,2026-01-28
2466,477,Laptop,Surabaya,16232.79,1,2026-06-17
2467,884,Monitor,Jakarta,2643.54,2,2026-05-28
2468,520,Monitor,Medan,2046.35,4,2026-04-19
2469,790,Laptop,Surabaya,13099.77,1,2026-06-04
2470,827,Monitor,Makassar,3491.3,4,2026-03-27
2471,865,Headset,Surabaya,489.84,2,2026-04-19
2472,545,Monitor,Jakarta,2601.55,3,2026-06-01
2473,265,Mouse,Makassar,425.13,4,2026-04-22
2474,50,Monitor,Surabaya,2159.38,4,2026-04-28
2475,376,Laptop,Makassar,16236.65,3,2026-04-19
2476,346,Webcam,Surabaya,1013.47,1,2026-05-19
2477,274,Mouse,Surabaya,242.75,1,2026-04-25
2478,333,Keyboard,Jakarta,974.51,3,2026-01-10
2479,545,Webcam,Medan,598.9,1,2026-05-17
2480,97,Mouse,Bandung,353.17,4,2026-03-12
2481,354,Monitor,Makassar,2976.4,5,2026-05-26
2482,470,Laptop,Jakarta,11919.06,1,2026-02-07
2483,624,Webcam,Jakarta,705.53,1,2026-03-28
2484,950,Webcam,Surabaya,738.02,1,2026-02-17
2485,974,Webcam,Surabaya,977.28,1,2026-04-21
2486,989,Laptop,Bandung,14850.74,3,2026-06-07
2487,527,Headset,Bandung,1480.24,1,2026-04-06
2488,588,Monitor,Bandung,5042.88,4,2026-03-12
2489,765,Webcam,Bandung,621.48,1,2026-06-04
2490,409,Mouse,Surabaya,209.07,4,2026-02-23
2491,20,Monitor,Bandung,3099.07,4,2026-06-03
2492,810,Webcam,Surabaya,477.72,2,2026-01-05
2493,727,Keyboard,Bandung,282.84,3,2026-06-05
2494,847,Monitor,Makassar,3683.06,5,2026-03-26
2495,555,Monitor,Medan,5719.49,1,2026-03-29
2496,349,Keyboard,Surabaya,1269.42,2,2026-04-29
2497,875,Webcam,Medan,568.51,2,2026-06-22
2498,400,Keyboard,Medan,241.95,5,2026-01-21
2499,647,Monitor,Makassar,5939.79,1,2026-02-23
2500,766,Headset,Surabaya,816.86,3,2026-04-26
2501,691,Monitor,Jakarta,2623.6,5,2026-02-12
2502,640,Keyboard,Makassar,760.99,1,2026-03-14
2503,570,Webcam,Medan,1191.74,4,2026-05-18
2504,135,Monitor,Makassar,5795.28,1,2026-01-25
2505,406,Mouse,Bandung,496.85,5,2026-03-16
2506,183,Mouse,Medan,320.03,3,2026-02-25
2507,429,Headset,Surabaya,842.99,3,2026-06-11
2508,109,Webcam,Surabaya,801.84,5,2026-04-11
2509,231,Monitor,Medan,5027.31,3,2026-04-26
2510,161,Mouse,Medan,215.36,5,2026-03-27
2511,782,Monitor,Bandung,4733.41,1,2026-04-09
2512,595,Webcam,Medan,1179.4,4,2026-02-18
2513,652,Laptop,Makassar,10690.31,5,2026-06-08
2514,516,Laptop,Makassar,14847.02,4,2026-01-06
2515,333,Headset,Bandung,582.98,4,2026-06-25
2516,94,Keyboard,Jakarta,1165.85,4,2026-05-22
2517,524,Mouse,Bandung,283.11,2,2026-02-14
2518,484,Webcam,Bandung,658.18,3,2026-01-17
2519,916,Laptop,Bandung,14931.23,4,2026-03-04
2520,701,Headset,Medan,1982.51,2,2026-04-29
2521,513,Webcam,Jakarta,1042.95,3,2026-02-10
2522,251,Monitor,Jakarta,2027.53,1,2026-06-24
2523,694,Monitor,Makassar,5982.14,4,2026-01-19
2524,802,Monitor,Surabaya,5533.43,5,2026-01-31
2525,733,Headset,Makassar,1515.1,4,2026-05-04
2526,848,Webcam,Jakarta,634.37,4,2026-01-11
2527,373,Monitor,Makassar,4517.07,4,2026-04-20
2528,807,Laptop,Jakarta,9751.8,3,2026-05-29
2529,772,Laptop,Bandung,12397.57,3,2026-02-06
2530,935,Mouse,Medan,184.03,1,2026-03-26
2531,658,Webcam,Jakarta,766.59,4,2026-03-04
2532,776,Keyboard,Surabaya,583.88,4,2026-03-26
2533,807,Monitor,Surabaya,4272.92,5,2026-01-10
2534,780,Mouse,Bandung,308.71,1,2026-02-26
2535,902,Keyboard,Makassar,671.54,3,2026-03-20
2536,968,Webcam,Bandung,854.11,3,2026-05-02
2537,731,Monitor,Surabaya,2617.77,2,2026-02-07
2538,623,Keyboard,Medan,534.5,2,2026-01-08
2539,872,Mouse,Makassar,221.18,5,2026-01-04
2540,266,Keyboard,Makassar,1169.09,5,2026-04-14
2541,489,Headset,Bandung,1953.09,2,2026-05-31
2542,874,Headset,Surabaya,1189.67,4,2026-05-05
2543,664,Mouse,Makassar,292.82,4,2026-04-08
2544,15,Webcam,Jakarta,673.89,3,2026-02-22
2545,230,Mouse,Surabaya,343.46,1,2026-06-16
2546,202,Keyboard,Medan,797.12,1,2026-05-15
2547,920,Mouse,Bandung,245.42,1,2026-04-13
2548,642,Laptop,Surabaya,14089.0,3,2026-05-22
2549,985,Headset,Makassar,1783.45,1,2026-04-25
2550,581,Headset,Bandung,715.98,2,2026-06-26
2551,959,Webcam,Bandung,582.67,4,2026-02-15
2552,42,Headset,Surabaya,1238.36,1,2026-02-18
2553,751,Laptop,Bandung,14270.69,1,2026-02-23
2554,234,Mouse,Makassar,404.67,4,2026-04-29
2555,101,Headset,Jakarta,842.06,1,2026-02-20
2556,490,Laptop,Medan,9000.63,2,2026-01-26
2557,556,Headset,Bandung,1317.1,3,2026-05-26
2558,10,Headset,Medan,1763.94,1,2026-04-24
2559,797,Webcam,Bandung,871.15,5,2026-04-27
2560,1,Keyboard,Medan,981.76,4,2026-06-11
2561,181,Keyboard,Makassar,828.26,3,2026-06-15
2562,307,Keyboard,Makassar,523.73,3,2026-06-23
2563,575,Headset,Surabaya,1364.07,1,2026-02-16
2564,500,Laptop,Surabaya,18720.41,5,2026-05-01
2565,508,Mouse,Bandung,126.22,4,2026-06-22
2566,312,Laptop,Medan,12109.18,5,2026-02-16
2567,199,Laptop,Bandung,10558.6,5,2026-03-20
2568,328,Headset,Medan,474.96,3,2026-06-06
2569,216,Headset,Bandung,850.4,2,2026-04-12
2570,805,Mouse,Bandung,344.05,2,2026-03-25
2571,980,Headset,Medan,1410.93,4,2026-03-10
2572,235,Keyboard,Medan,1414.63,3,2026-04-05
2573,149,Keyboard,Surabaya,1144.72,3,2026-04-26
2574,316,Monitor,Makassar,3574.17,4,2026-01-02
2575,781,Monitor,Jakarta,5874.72,3,2026-06-15
2576,825,Mouse,Medan,406.82,1,2026-06-30
2577,208,Mouse,Surabaya,217.92,3,2026-01-07
2578,330,Monitor,Medan,3302.74,5,2026-02-21
2579,817,Mouse,Makassar,301.18,3,2026-01-28
2580,77,Mouse,Bandung,230.19,4,2026-06-01
2581,482,Laptop,Medan,16253.61,4,2026-03-05
2582,287,Headset,Makassar,937.53,1,2026-01-15
2583,655,Keyboard,Surabaya,899.26,4,2026-03-14
2584,114,Monitor,Bandung,5523.4,1,2026-03-25
2585,794,Webcam,Medan,1059.45,2,2026-05-31
2586,307,Headset,Bandung,1255.12,4,2026-03-04
2587,336,Headset,Makassar,1596.74,3,2026-05-23
2588,544,Keyboard,Jakarta,382.61,1,2026-06-29
2589,729,Webcam,Surabaya,1165.76,3,2026-04-25
2590,766,Mouse,Bandung,228.51,2,2026-04-28
2591,371,Keyboard,Bandung,1080.97,3,2026-03-07
2592,619,Webcam,Jakarta,512.22,4,2026-04-20
2593,406,Monitor,Jakarta,5326.7,1,2026-05-12
2594,383,Laptop,Makassar,13246.48,1,2026-05-10
2595,895,Keyboard,Makassar,839.61,5,2026-03-27
2596,650,Laptop,Jakarta,14783.68,5,2026-01-29
2597,545,Mouse,Makassar,438.52,1,2026-05-27
2598,945,Monitor,Makassar,4600.7,2,2026-01-19
2599,786,Webcam,Medan,1054.2,4,2026-04-26
2600,911,Webcam,Bandung,920.35,1,2026-02-16
2601,664,Headset,Surabaya,1071.88,4,2026-01-06
2602,412,Headset,Surabaya,310.8,4,2026-01-05
2603,9,Mouse,Surabaya,270.86,3,2026-02-27
2604,599,Webcam,Surabaya,825.89,2,2026-05-28
2605,948,Keyboard,Makassar,398.39,2,2026-02-22
2606,316,Mouse,Jakarta,110.49,5,2026-01-11
2607,799,Mouse,Makassar,239.41,1,2026-03-25
2608,892,Keyboard,Bandung,1055.62,2,2026-03-19
2609,168,Monitor,Surabaya,2931.92,2,2026-04-01
2610,28,Mouse,Medan,149.24,4,2026-01-07
2611,455,Webcam,Bandung,704.33,4,2026-04-23
2612,409,Mouse,Bandung,408.39,5,2026-02-01
2613,96,Mouse,Makassar,465.31,5,2026-02-01
2614,167,Mouse,Jakarta,476.28,5,2026-04-02
2615,768,Keyboard,Medan,448.28,1,2026-05-10
2616,369,Monitor,Surabaya,4034.94,4,2026-01-05
2617,8,Monitor,Medan,3601.23,1,2026-04-01
2618,370,Keyboard,Jakarta,764.39,3,2026-02-28
2619,719,Laptop,Medan,18511.3,1,2026-03-12
2620,748,Webcam,Surabaya,436.3,2,2026-02-15
2621,579,Laptop,Bandung,14223.46,2,2026-06-27
2622,482,Laptop,Jakarta,15154.45,2,2026-06-19
2623,301,Keyboard,Makassar,739.34,2,2026-04-18
2624,177,Mouse,Makassar,486.12,2,2026-04-04
2625,901,Laptop,Bandung,8359.76,2,2026-03-20
2626,414,Webcam,Surabaya,1127.18,3,2026-06-09
2627,329,Laptop,Jakarta,11978.98,4,2026-01-09
2628,753,Mouse,Medan,118.6,4,2026-06-03
2629,740,Headset,Bandung,568.89,1,2026-03-31
2630,919,Mouse,Jakarta,267.95,1,2026-01-29
2631,992,Monitor,Medan,5933.48,5,2026-04-23
2632,138,Headset,Jakarta,829.43,4,2026-03-07
2633,132,Keyboard,Makassar,675.26,5,2026-06-21
2634,734,Laptop,Medan,13913.62,5,2026-02-20
2635,129,Mouse,Makassar,151.92,2,2026-02-27
2636,676,Laptop,Jakarta,16607.22,3,2026-06-07
2637,108,Mouse,Bandung,200.27,3,2026-03-26
2638,728,Monitor,Makassar,4079.67,5,2026-03-10
2639,779,Mouse,Surabaya,268.81,2,2026-05-29
2640,755,Laptop,Medan,15582.56,2,2026-02-16
2641,15,Mouse,Jakarta,434.15,2,2026-02-11
2642,407,Keyboard,Jakarta,943.71,4,2026-03-30
2643,193,Webcam,Makassar,724.53,2,2026-04-27
2644,637,Keyboard,Makassar,771.82,3,2026-06-17
2645,787,Headset,Surabaya,873.33,2,2026-03-07
2646,350,Monitor,Makassar,3825.26,1,2026-06-21
2647,877,Keyboard,Makassar,541.72,3,2026-04-20
2648,658,Laptop,Makassar,9514.74,2,2026-04-28
2649,850,Laptop,Jakarta,14605.58,3,2026-02-02
2650,895,Keyboard,Surabaya,788.33,5,2026-01-22
2651,990,Headset,Bandung,975.85,5,2026-02-19
2652,146,Webcam,Bandung,1020.73,2,2026-04-01
2653,539,Headset,Bandung,1256.9,5,2026-05-15
2654,49,Headset,Surabaya,1217.08,5,2026-02-12
2655,384,Mouse,Jakarta,372.16,5,2026-02-27
2656,864,Webcam,Bandung,832.66,5,2026-04-19
2657,879,Mouse,Surabaya,119.56,4,2026-03-17
2658,400,Headset,Medan,1819.37,4,2026-03-24
2659,140,Webcam,Surabaya,400.28,3,2026-05-23
2660,685,Keyboard,Bandung,1399.97,5,2026-06-02
2661,983,Laptop,Jakarta,17062.03,2,2026-02-06
2662,493,Mouse,Bandung,256.5,2,2026-06-15
2663,430,Monitor,Makassar,2773.49,3,2026-01-19
2664,232,Keyboard,Bandung,1360.43,1,2026-05-30
2665,968,Webcam,Bandung,564.66,2,2026-06-22
2666,283,Keyboard,Jakarta,1027.78,5,2026-03-21
2667,537,Laptop,Makassar,13653.31,4,2026-03-18
2668,842,Laptop,Makassar,16914.94,4,2026-02-09
2669,73,Webcam,Surabaya,1100.19,1,2026-04-08
2670,859,Keyboard,Jakarta,1014.97,4,2026-05-30
2671,173,Webcam,Medan,1006.77,2,2026-05-14
2672,106,Laptop,Makassar,19516.81,3,2026-03-03
2673,891,Webcam,Medan,1069.37,4,2026-04-18
2674,59,Webcam,Jakarta,1092.13,3,2026-03-12
2675,927,Keyboard,Makassar,627.48,3,2026-04-02
2676,86,Laptop,Jakarta,16557.15,4,2026-03-04
2677,600,Monitor,Bandung,4364.34,3,2026-01-27
2678,800,Webcam,Medan,848.54,5,2026-04-07
2679,622,Headset,Medan,371.57,1,2026-06-01
2680,859,Webcam,Jakarta,860.5,1,2026-03-03
2681,370,Headset,Makassar,1017.11,4,2026-01-11
2682,356,Webcam,Medan,1081.79,5,2026-05-14
2683,39,Monitor,Medan,4676.27,1,2026-02-25
2684,581,Mouse,Jakarta,352.21,3,2026-01-26
2685,300,Monitor,Jakarta,4916.23,3,2026-04-02
2686,839,Webcam,Surabaya,681.9,2,2026-03-12
2687,457,Laptop,Surabaya,13498.45,3,2026-02-11
2688,215,Headset,Makassar,1402.09,4,2026-03-31
2689,800,Mouse,Medan,442.66,3,2026-04-01
2690,632,Headset,Bandung,838.11,3,2026-01-26
2691,937,Webcam,Jakarta,911.56,3,2026-06-09
2692,510,Webcam,Bandung,1005.25,2,2026-03-09
2693,877,Webcam,Medan,680.48,4,2026-04-03
2694,773,Mouse,Bandung,229.1,1,2026-02-18
2695,596,Keyboard,Makassar,1110.3,5,2026-03-17
2696,775,Headset,Makassar,602.44,5,2026-06-28
2697,78,Mouse,Jakarta,136.22,5,2026-06-19
2698,415,Keyboard,Bandung,1130.65,5,2026-04-01
2699,407,Mouse,Medan,141.45,3,2026-06-07
2700,584,Laptop,Surabaya,19993.27,4,2026-01-11
2701,252,Headset,Bandung,1434.79,3,2026-01-07
2702,507,Mouse,Bandung,198.14,2,2026-04-23
2703,664,Mouse,Bandung,104.97,2,2026-01-06
2704,879,Headset,Medan,1724.48,4,2026-05-23
2705,565,Headset,Bandung,1000.95,5,2026-05-29
2706,410,Webcam,Makassar,1110.88,4,2026-03-08
2707,724,Keyboard,Surabaya,760.71,3,2026-03-02
2708,328,Headset,Surabaya,430.97,2,2026-03-24
2709,881,Webcam,Bandung,1036.45,5,2026-02-02
2710,99,Headset,Medan,1210.11,1,2026-06-04
2711,234,Webcam,Surabaya,974.05,5,2026-02-27
2712,477,Keyboard,Makassar,1287.6,4,2026-06-08
2713,449,Monitor,Makassar,3744.74,2,2026-01-06
2714,574,Monitor,Makassar,4601.11,3,2026-05-03
2715,889,Webcam,Bandung,451.02,3,2026-01-17
2716,978,Webcam,Surabaya,855.8,1,2026-06-03
2717,503,Monitor,Bandung,5944.83,2,2026-06-19
2718,463,Keyboard,Makassar,1106.37,3,2026-03-26
2719,239,Headset,Makassar,1908.66,2,2026-05-19
2720,698,Headset,Surabaya,1766.65,5,2026-01-14
2721,730,Keyboard,Makassar,355.59,1,2026-06-07
2722,66,Headset,Medan,1541.65,2,2026-03-05
2723,616,Mouse,Bandung,111.8,4,2026-01-31
2724,340,Laptop,Jakarta,19353.77,5,2026-06-29
2725,972,Webcam,Medan,1043.93,4,2026-06-28
2726,486,Mouse,Surabaya,173.2,3,2026-04-01
2727,182,Webcam,Medan,1103.25,4,2026-01-24
2728,189,Keyboard,Medan,460.79,3,2026-06-15
2729,649,Laptop,Surabaya,13420.73,1,2026-05-15
2730,264,Laptop,Makassar,8730.81,5,2026-01-16
2731,700,Keyboard,Jakarta,419.07,5,2026-01-04
2732,5,Keyboard,Medan,598.14,5,2026-05-25
2733,384,Laptop,Bandung,10261.79,5,2026-05-08
2734,187,Headset,Bandung,1958.82,1,2026-06-24
2735,935,Mouse,Makassar,249.67,2,2026-04-23
2736,724,Mouse,Makassar,159.54,4,2026-01-08
2737,638,Laptop,Makassar,18658.8,1,2026-03-21
2738,958,Keyboard,Jakarta,653.77,2,2026-06-01
2739,531,Mouse,Jakarta,299.06,5,2026-02-09
2740,628,Keyboard,Medan,1407.19,5,2026-04-10
2741,803,Monitor,Jakarta,4674.82,1,2026-03-28
2742,253,Keyboard,Bandung,511.29,4,2026-02-18
2743,814,Monitor,Jakarta,3433.29,4,2026-06-18
2744,725,Headset,Jakarta,1741.22,1,2026-06-19
2745,671,Keyboard,Makassar,931.9,5,2026-05-14
2746,404,Headset,Bandung,780.35,2,2026-04-25
2747,782,Mouse,Surabaya,477.7,4,2026-04-14
2748,446,Monitor,Jakarta,3961.86,4,2026-01-27
2749,330,Headset,Medan,1336.43,3,2026-05-08
2750,806,Keyboard,Jakarta,885.82,1,2026-02-18
2751,970,Laptop,Surabaya,18705.11,5,2026-05-19
2752,178,Webcam,Surabaya,991.41,5,2026-01-08
2753,49,Keyboard,Medan,444.71,5,2026-01-14
2754,844,Webcam,Medan,990.83,5,2026-02-15
2755,521,Keyboard,Jakarta,1383.86,1,2026-04-28
2756,973,Mouse,Bandung,384.96,1,2026-02-22
2757,508,Mouse,Makassar,356.17,1,2026-01-12
2758,945,Monitor,Bandung,5601.28,1,2026-03-16
2759,5,Mouse,Surabaya,493.76,4,2026-02-28
2760,381,Monitor,Jakarta,2623.72,5,2026-03-05
2761,637,Webcam,Surabaya,1105.56,4,2026-06-24
2762,585,Webcam,Surabaya,563.9,3,2026-04-15
2763,707,Laptop,Medan,17882.66,4,2026-03-13
2764,863,Mouse,Medan,201.37,1,2026-06-10
2765,710,Monitor,Jakarta,4784.01,4,2026-02-02
2766,679,Webcam,Bandung,456.42,1,2026-01-30
2767,163,Monitor,Jakarta,2733.43,3,2026-02-12
2768,967,Webcam,Surabaya,1164.25,4,2026-03-14
2769,550,Keyboard,Surabaya,1312.16,3,2026-01-28
2770,780,Laptop,Medan,17874.53,2,2026-01-23
2771,569,Monitor,Bandung,2508.46,1,2026-05-01
2772,491,Laptop,Jakarta,10743.74,4,2026-02-17
2773,86,Webcam,Jakarta,593.4,5,2026-04-05
2774,449,Webcam,Bandung,753.62,1,2026-06-19
2775,957,Headset,Bandung,1606.53,3,2026-01-12
2776,583,Laptop,Bandung,12096.17,3,2026-02-14
2777,359,Monitor,Bandung,5606.25,1,2026-04-11
2778,390,Mouse,Surabaya,302.24,2,2026-02-17
2779,643,Mouse,Surabaya,363.2,4,2026-01-07
2780,893,Monitor,Jakarta,5373.69,5,2026-05-16
2781,295,Headset,Bandung,543.72,3,2026-01-15
2782,115,Webcam,Jakarta,727.94,5,2026-01-05
2783,634,Webcam,Bandung,979.26,3,2026-04-05
2784,40,Mouse,Jakarta,373.73,1,2026-04-08
2785,4,Headset,Jakarta,1683.3,5,2026-01-31
2786,878,Mouse,Jakarta,325.46,1,2026-01-06
2787,665,Monitor,Makassar,4579.16,3,2026-06-25
2788,631,Monitor,Medan,5640.96,2,2026-06-24
2789,503,Headset,Surabaya,886.75,4,2026-05-03
2790,942,Mouse,Medan,314.58,3,2026-02-27
2791,148,Keyboard,Bandung,1451.95,4,2026-03-07
2792,904,Mouse,Surabaya,396.0,4,2026-03-18
2793,148,Laptop,Medan,12924.46,5,2026-02-28
2794,412,Mouse,Surabaya,183.24,4,2026-04-18
2795,905,Monitor,Medan,4933.8,4,2026-04-10
2796,475,Keyboard,Surabaya,623.81,4,2026-02-04
2797,741,Headset,Bandung,718.21,2,2026-05-26
2798,200,Webcam,Makassar,690.73,4,2026-05-21
2799,884,Monitor,Surabaya,4576.0,2,2026-04-11
2800,145,Monitor,Jakarta,4171.31,4,2026-03-18
2801,927,Headset,Medan,386.51,2,2026-03-28
2802,565,Mouse,Medan,474.85,4,2026-02-16
2803,966,Monitor,Jakarta,4775.88,4,2026-05-26
2804,684,Mouse,Surabaya,493.45,5,2026-02-09
2805,657,Monitor,Makassar,5127.44,2,2026-02-08
2806,422,Keyboard,Medan,519.41,2,2026-05-05
2807,324,Headset,Makassar,1202.0,1,2026-06-23
2808,100,Laptop,Jakarta,8257.59,1,2026-03-26
2809,874,Laptop,Surabaya,19178.75,3,2026-02-21
2810,762,Mouse,Bandung,223.02,1,2026-04-03
2811,639,Keyboard,Makassar,1375.87,4,2026-05-02
2812,347,Webcam,Bandung,631.79,1,2026-05-24
2813,164,Mouse,Bandung,266.07,5,2026-06-08
2814,420,Mouse,Makassar,320.93,4,2026-06-29
2815,288,Webcam,Bandung,1180.9,2,2026-04-24
2816,100,Laptop,Bandung,18562.78,4,2026-04-08
2817,489,Mouse,Jakarta,334.47,3,2026-04-23
2818,599,Headset,Bandung,1060.47,1,2026-05-06
2819,970,Webcam,Makassar,675.06,3,2026-01-22
2820,908,Keyboard,Jakarta,430.41,5,2026-03-18
2821,694,Monitor,Bandung,2443.89,2,2026-06-12
2822,329,Keyboard,Jakarta,661.13,4,2026-01-05
2823,637,Headset,Medan,1985.89,3,2026-03-06
2824,197,Headset,Surabaya,1969.46,1,2026-05-06
2825,327,Mouse,Jakarta,359.76,3,2026-03-09
2826,460,Monitor,Surabaya,2161.82,4,2026-06-18
2827,83,Keyboard,Makassar,240.79,5,2026-01-03
2828,753,Headset,Jakarta,814.61,2,2026-05-01
2829,390,Monitor,Jakarta,4781.15,3,2026-06-28
2830,385,Keyboard,Surabaya,1244.09,4,2026-04-15
2831,725,Keyboard,Bandung,1425.78,3,2026-05-22
2832,198,Monitor,Surabaya,3066.69,4,2026-06-21
2833,87,Webcam,Surabaya,1089.18,1,2026-01-06
2834,831,Mouse,Jakarta,197.18,2,2026-04-06
2835,67,Mouse,Makassar,420.58,1,2026-01-20
2836,10,Webcam,Jakarta,989.2,3,2026-06-08
2837,73,Mouse,Makassar,350.45,4,2026-06-11
2838,895,Keyboard,Jakarta,996.33,1,2026-06-30
2839,143,Mouse,Jakarta,174.23,1,2026-01-01
2840,444,Webcam,Bandung,568.18,1,2026-04-10
2841,329,Webcam,Makassar,554.11,2,2026-05-07
2842,620,Webcam,Bandung,775.37,5,2026-01-16
2843,454,Mouse,Makassar,102.53,2,2026-02-20
2844,270,Mouse,Makassar,330.17,2,2026-06-29
2845,127,Webcam,Jakarta,550.56,3,2026-02-28
2846,167,Monitor,Makassar,3186.88,4,2026-05-10
2847,656,Keyboard,Bandung,754.48,3,2026-03-03
2848,544,Laptop,Surabaya,11377.39,2,2026-01-17
2849,64,Laptop,Medan,12130.68,1,2026-06-08
2850,774,Monitor,Jakarta,4696.14,4,2026-01-04
2851,763,Webcam,Jakarta,654.72,3,2026-06-28
2852,698,Headset,Jakarta,1267.64,3,2026-04-26
2853,367,Webcam,Medan,696.35,3,2026-05-06
2854,321,Headset,Bandung,687.79,2,2026-01-11
2855,708,Keyboard,Medan,804.43,4,2026-03-25
2856,946,Monitor,Medan,5474.73,4,2026-04-26
2857,157,Mouse,Medan,267.84,1,2026-02-05
2858,808,Keyboard,Medan,1486.69,2,2026-04-13
2859,375,Laptop,Medan,17496.5,2,2026-02-08
2860,608,Mouse,Bandung,137.94,4,2026-05-01
2861,154,Keyboard,Surabaya,457.08,4,2026-04-11
2862,163,Keyboard,Makassar,560.97,2,2026-05-05
2863,622,Webcam,Medan,746.28,2,2026-05-05
2864,993,Webcam,Jakarta,682.7,1,2026-01-18
2865,976,Keyboard,Medan,990.16,2,2026-03-02
2866,532,Monitor,Bandung,3665.38,1,2026-03-20
2867,647,Mouse,Surabaya,352.18,5,2026-04-20
2868,627,Laptop,Makassar,9553.14,3,2026-03-29
2869,743,Keyboard,Bandung,680.44,4,2026-01-17
2870,19,Monitor,Surabaya,3668.0,2,2026-03-25
2871,705,Mouse,Surabaya,353.55,4,2026-03-13
2872,569,Keyboard,Makassar,1231.96,2,2026-02-02
2873,989,Keyboard,Makassar,1462.48,2,2026-06-01
2874,625,Mouse,Bandung,295.44,4,2026-01-05
2875,321,Headset,Jakarta,953.04,2,2026-06-09
2876,330,Laptop,Makassar,13891.29,5,2026-03-10
2877,69,Monitor,Medan,5109.73,3,2026-02-06
2878,373,Laptop,Medan,10959.03,1,2026-03-25
2879,365,Headset,Medan,1255.19,3,2026-03-23
2880,497,Keyboard,Makassar,1348.18,2,2026-06-15
2881,193,Headset,Makassar,504.62,1,2026-02-19
2882,537,Headset,Surabaya,721.98,4,2026-04-19
2883,718,Laptop,Surabaya,11131.85,2,2026-03-17
2884,26,Laptop,Medan,8944.52,4,2026-02-07
2885,458,Webcam,Medan,844.21,5,2026-04-24
2886,777,Keyboard,Jakarta,1417.97,4,2026-03-12
2887,203,Webcam,Makassar,762.67,2,2026-05-31
2888,132,Keyboard,Jakarta,361.09,3,2026-05-22
2889,489,Keyboard,Bandung,609.85,4,2026-05-21
2890,27,Webcam,Medan,917.06,4,2026-02-15
2891,335,Headset,Jakarta,1394.16,3,2026-05-25
2892,775,Headset,Jakarta,1801.54,1,2026-02-03
2893,509,Laptop,Jakarta,9678.94,1,2026-05-14
2894,168,Webcam,Bandung,473.49,3,2026-04-02
2895,347,Laptop,Medan,12122.88,1,2026-05-07
2896,411,Headset,Jakarta,1191.95,4,2026-06-27
2897,159,Headset,Jakarta,1684.42,4,2026-02-10
2898,119,Keyboard,Bandung,511.04,5,2026-01-07
2899,54,Webcam,Bandung,782.95,1,2026-02-26
2900,777,Mouse,Bandung,481.77,2,2026-05-09
2901,328,Keyboard,Medan,1182.75,4,2026-01-05
2902,523,Keyboard,Medan,230.57,4,2026-05-21
2903,70,Laptop,Bandung,15076.02,2,2026-02-28
2904,597,Monitor,Jakarta,3397.53,1,2026-05-29
2905,903,Keyboard,Makassar,1368.15,2,2026-04-12
2906,218,Mouse,Makassar,102.94,5,2026-03-14
2907,273,Headset,Surabaya,1168.5,2,2026-02-21
2908,773,Headset,Surabaya,868.63,3,2026-03-08
2909,403,Laptop,Surabaya,13419.8,4,2026-06-04
2910,991,Webcam,Makassar,1016.01,2,2026-02-17
2911,116,Laptop,Medan,17655.63,2,2026-02-21
2912,778,Headset,Surabaya,1715.98,2,2026-06-01
2913,838,Keyboard,Surabaya,802.91,2,2026-05-26
2914,912,Keyboard,Bandung,864.43,3,2026-01-04
2915,222,Mouse,Surabaya,182.54,4,2026-03-25
2916,469,Monitor,Makassar,5015.43,4,2026-05-03
2917,575,Headset,Surabaya,1651.51,2,2026-01-20
2918,632,Laptop,Jakarta,18232.18,5,2026-01-13
2919,878,Laptop,Surabaya,19161.91,3,2026-04-24
2920,391,Webcam,Makassar,1168.97,1,2026-01-14
2921,377,Mouse,Bandung,488.38,3,2026-01-20
2922,287,Monitor,Jakarta,3189.88,1,2026-01-31
2923,310,Mouse,Surabaya,282.77,2,2026-01-31
2924,942,Webcam,Jakarta,1104.23,4,2026-02-14
2925,15,Laptop,Jakarta,16697.71,4,2026-05-29
2926,712,Headset,Surabaya,759.11,5,2026-05-03
2927,65,Webcam,Bandung,572.38,4,2026-06-23
2928,387,Laptop,Jakarta,13969.08,4,2026-04-16
2929,180,Laptop,Makassar,18768.9,1,2026-03-13
2930,727,Keyboard,Medan,463.51,3,2026-01-07
2931,688,Keyboard,Bandung,505.26,4,2026-01-01
2932,666,Laptop,Makassar,18024.71,4,2026-05-24
2933,975,Webcam,Medan,1033.57,1,2026-03-15
2934,373,Laptop,Makassar,12407.57,4,2026-05-20
2935,168,Keyboard,Surabaya,1144.06,5,2026-02-07
2936,329,Webcam,Surabaya,725.6,5,2026-04-13
2937,382,Monitor,Surabaya,5069.25,2,2026-06-22
2938,770,Monitor,Makassar,3631.3,4,2026-01-23
2939,617,Keyboard,Bandung,632.65,3,2026-06-15
2940,478,Monitor,Makassar,5447.2,2,2026-01-11
2941,352,Headset,Bandung,1317.95,5,2026-06-11
2942,852,Webcam,Bandung,1080.88,5,2026-02-05
2943,836,Mouse,Medan,132.7,4,2026-01-29
2944,514,Headset,Jakarta,1183.27,5,2026-01-02
2945,261,Headset,Bandung,1557.51,3,2026-05-06
2946,120,Keyboard,Surabaya,912.99,4,2026-05-14
2947,673,Monitor,Bandung,4308.08,4,2026-06-26
2948,770,Laptop,Bandung,15685.63,4,2026-02-09
2949,855,Webcam,Bandung,972.96,5,2026-01-28
2950,508,Mouse,Jakarta,377.97,3,2026-03-03
2951,774,Monitor,Surabaya,5300.93,5,2026-06-13
2952,99,Mouse,Jakarta,106.49,3,2026-01-31
2953,213,Mouse,Jakarta,126.81,4,2026-01-31
2954,433,Keyboard,Medan,213.74,5,2026-03-18
2955,352,Monitor,Surabaya,2833.79,4,2026-06-08
2956,604,Monitor,Makassar,4373.34,4,2026-01-09
2957,512,Keyboard,Surabaya,240.35,4,2026-04-09
2958,771,Headset,Jakarta,1018.59,5,2026-06-08
2959,902,Keyboard,Medan,1493.03,4,2026-01-10
2960,986,Monitor,Jakarta,3899.49,5,2026-01-24
2961,85,Mouse,Jakarta,281.87,3,2026-03-03
2962,619,Monitor,Jakarta,3291.49,5,2026-06-30
2963,876,Monitor,Bandung,4454.87,1,2026-01-03
2964,701,Mouse,Makassar,445.09,1,2026-05-10
2965,456,Laptop,Makassar,10174.8,3,2026-06-28
2966,579,Monitor,Makassar,4614.81,1,2026-03-06
2967,600,Laptop,Makassar,13893.19,4,2026-03-17
2968,875,Mouse,Jakarta,216.11,3,2026-04-20
2969,113,Webcam,Bandung,1174.85,1,2026-02-20
2970,494,Monitor,Bandung,2022.77,2,2026-04-07
2971,45,Keyboard,Bandung,490.45,5,2026-05-07
2972,235,Webcam,Medan,1046.73,1,2026-01-26
2973,169,Mouse,Bandung,396.14,5,2026-05-25
2974,25,Monitor,Medan,3466.7,4,2026-01-06
2975,726,Headset,Surabaya,1379.21,1,2026-04-18
2976,486,Laptop,Surabaya,13235.49,4,2026-01-18
2977,67,Laptop,Surabaya,18533.37,3,2026-05-02
2978,411,Headset,Bandung,1841.25,2,2026-01-31
2979,25,Mouse,Jakarta,328.17,2,2026-04-25
2980,676,Headset,Surabaya,1247.53,4,2026-01-18
2981,995,Webcam,Bandung,865.7,1,2026-05-24
2982,41,Mouse,Bandung,158.95,2,2026-06-29
2983,401,Laptop,Surabaya,8719.93,1,2026-01-29
2984,538,Webcam,Surabaya,868.46,1,2026-03-19
2985,902,Mouse,Surabaya,468.29,4,2026-02-24
2986,194,Webcam,Medan,782.62,2,2026-01-26
2987,177,Monitor,Makassar,4533.59,5,2026-01-19
2988,150,Webcam,Bandung,1086.28,2,2026-01-18
2989,490,Headset,Jakarta,1262.47,2,2026-06-10
2990,772,Monitor,Surabaya,5750.43,3,2026-04-15
2991,62,Monitor,Jakarta,5482.67,4,2026-01-08
2992,198,Webcam,Surabaya,712.62,5,2026-02-27
2993,767,Mouse,Medan,345.96,5,2026-04-15
2994,662,Webcam,Bandung,593.07,5,2026-03-15
2995,510,Laptop,Medan,15197.86,4,2026-01-17
2996,576,Laptop,Bandung,17275.02,1,2026-04-05
2997,285,Monitor,Surabaya,3858.03,3,2026-03-19
2998,857,Headset,Makassar,856.05,3,2026-05-01
2999,524,Monitor,Medan,5029.67,5,2026-06-27
3000,574,Webcam,Makassar,879.47,5,2026-02-05
3001,481,Keyboard,Jakarta,1098.85,3,2026-05-17
3002,530,Headset,Jakarta,727.71,3,2026-03-11
3003,896,Keyboard,Makassar,867.57,3,2026-03-24
3004,929,Mouse,Makassar,176.51,3,2026-02-19
3005,846,Keyboard,Makassar,1078.93,3,2026-03-09
3006,613,Monitor,Bandung,5073.26,2,2026-06-26
3007,303,Mouse,Surabaya,385.05,5,2026-03-24
3008,210,Monitor,Makassar,4080.45,1,2026-03-16
3009,654,Mouse,Bandung,339.25,3,2026-02-16
3010,909,Webcam,Medan,700.0,4,2026-05-04
3011,735,Keyboard,Makassar,796.8,3,2026-02-07
3012,261,Headset,Jakarta,729.31,4,2026-05-21
3013,403,Laptop,Jakarta,10267.14,3,2026-05-07
3014,466,Headset,Makassar,1695.97,5,2026-05-26
3015,431,Mouse,Surabaya,120.4,4,2026-06-10
3016,502,Headset,Jakarta,1109.83,4,2026-03-22
3017,123,Mouse,Bandung,149.17,1,2026-01-11
3018,868,Laptop,Surabaya,9289.54,5,2026-03-10
3019,131,Laptop,Medan,10458.71,5,2026-01-16
3020,11,Laptop,Surabaya,19722.04,3,2026-03-14
3021,441,Mouse,Bandung,188.18,5,2026-05-27
3022,770,Keyboard,Makassar,659.62,2,2026-02-08
3023,24,Headset,Makassar,838.42,2,2026-02-13
3024,826,Monitor,Bandung,4166.85,1,2026-02-11
3025,94,Headset,Makassar,1963.74,3,2026-05-05
3026,128,Laptop,Bandung,18144.59,2,2026-03-03
3027,471,Headset,Bandung,1816.2,2,2026-03-13
3028,110,Laptop,Bandung,16053.94,4,2026-05-29
3029,882,Headset,Medan,1058.48,2,2026-01-26
3030,868,Laptop,Medan,16549.1,4,2026-02-08
3031,757,Monitor,Makassar,5002.78,1,2026-05-19
3032,784,Keyboard,Bandung,1346.35,4,2026-04-22
3033,809,Headset,Surabaya,847.54,4,2026-05-10
3034,631,Monitor,Medan,4426.22,3,2026-02-06
3035,721,Laptop,Makassar,18043.28,4,2026-02-13
3036,807,Monitor,Bandung,2871.71,3,2026-04-14
3037,281,Mouse,Surabaya,459.38,4,2026-06-03
3038,899,Monitor,Jakarta,4745.97,5,2026-03-04
3039,661,Webcam,Jakarta,761.8,1,2026-04-10
3040,586,Keyboard,Surabaya,695.26,4,2026-04-22
3041,742,Monitor,Medan,2357.84,3,2026-03-31
3042,235,Keyboard,Surabaya,1385.08,3,2026-05-03
3043,162,Mouse,Bandung,441.46,5,2026-06-03
3044,544,Mouse,Jakarta,491.66,3,2026-01-13
3045,779,Mouse,Jakarta,382.84,2,2026-01-24
3046,631,Webcam,Makassar,440.05,1,2026-05-15
3047,955,Keyboard,Medan,393.74,2,2026-04-22
3048,286,Mouse,Bandung,263.79,2,2026-05-14
3049,69,Mouse,Jakarta,348.38,5,2026-06-17
3050,802,Webcam,Bandung,630.59,4,2026-04-19
3051,917,Mouse,Bandung,106.87,2,2026-06-04
3052,730,Laptop,Jakarta,17274.04,3,2026-02-15
3053,547,Laptop,Medan,14641.26,3,2026-02-15
3054,157,Headset,Bandung,717.6,1,2026-03-25
3055,876,Mouse,Surabaya,305.3,1,2026-05-09
3056,517,Laptop,Medan,9619.39,1,2026-05-01
3057,160,Mouse,Bandung,444.68,3,2026-05-27
3058,802,Keyboard,Medan,519.53,2,2026-01-29
3059,731,Mouse,Bandung,356.05,1,2026-01-18
3060,387,Mouse,Jakarta,214.88,5,2026-05-06
3061,694,Monitor,Makassar,4165.88,4,2026-05-15
3062,478,Webcam,Makassar,683.15,5,2026-05-28
3063,736,Webcam,Medan,1001.31,5,2026-04-15
3064,171,Headset,Medan,514.61,1,2026-02-22
3065,76,Headset,Surabaya,1731.31,1,2026-06-04
3066,926,Monitor,Medan,3503.78,3,2026-01-07
3067,323,Monitor,Bandung,5001.25,2,2026-04-22
3068,794,Webcam,Bandung,759.95,5,2026-02-05
3069,665,Keyboard,Medan,517.84,1,2026-02-28
3070,926,Monitor,Surabaya,3947.1,4,2026-04-30
3071,381,Mouse,Medan,152.17,1,2026-03-04
3072,971,Mouse,Jakarta,218.17,1,2026-03-31
3073,477,Monitor,Medan,2312.49,3,2026-04-01
3074,841,Headset,Makassar,1111.08,4,2026-01-18
3075,361,Keyboard,Bandung,603.44,5,2026-02-12
3076,12,Laptop,Bandung,16932.05,5,2026-03-11
3077,62,Laptop,Makassar,10624.33,5,2026-04-06
3078,25,Monitor,Medan,3336.16,5,2026-04-28
3079,356,Headset,Surabaya,784.38,1,2026-05-13
3080,600,Laptop,Medan,17101.91,4,2026-05-12
3081,38,Webcam,Makassar,982.93,5,2026-05-10
3082,69,Mouse,Medan,232.06,4,2026-06-12
3083,274,Mouse,Bandung,404.84,2,2026-01-24
3084,632,Monitor,Surabaya,3577.6,1,2026-01-12
3085,311,Laptop,Bandung,10333.92,5,2026-02-19
3086,428,Mouse,Medan,318.82,3,2026-02-23
3087,1,Laptop,Bandung,18306.09,3,2026-05-04
3088,806,Laptop,Bandung,13619.68,2,2026-06-22
3089,506,Laptop,Jakarta,16033.01,3,2026-06-07
3090,746,Keyboard,Medan,1442.37,3,2026-05-28
3091,572,Headset,Surabaya,1373.59,3,2026-05-15
3092,160,Webcam,Makassar,816.04,3,2026-06-02
3093,797,Mouse,Bandung,425.97,4,2026-05-04
3094,279,Keyboard,Makassar,590.74,4,2026-01-14
3095,975,Headset,Surabaya,1662.85,3,2026-01-28
3096,844,Mouse,Makassar,189.45,2,2026-03-05
3097,476,Mouse,Jakarta,378.95,5,2026-04-03
3098,423,Webcam,Medan,735.43,3,2026-03-18
3099,84,Mouse,Bandung,349.22,1,2026-03-22
3100,949,Laptop,Medan,12871.1,4,2026-02-09
3101,425,Monitor,Jakarta,3335.14,3,2026-01-31
3102,316,Mouse,Medan,451.64,4,2026-04-12
3103,603,Mouse,Medan,272.04,2,2026-03-15
3104,250,Headset,Bandung,871.39,5,2026-03-25
3105,608,Monitor,Jakarta,2402.64,1,2026-01-03
3106,154,Headset,Medan,1137.5,1,2026-06-28
3107,664,Mouse,Jakarta,100.83,2,2026-01-09
3108,137,Keyboard,Surabaya,1082.36,3,2026-06-20
3109,586,Laptop,Jakarta,9982.66,3,2026-03-26
3110,103,Laptop,Makassar,8988.15,1,2026-06-07
3111,1,Mouse,Bandung,458.82,4,2026-01-28
3112,274,Headset,Surabaya,1346.24,5,2026-01-19
3113,852,Headset,Surabaya,535.65,4,2026-06-05
3114,873,Keyboard,Bandung,1036.5,5,2026-01-25
3115,509,Headset,Bandung,1471.35,1,2026-04-11
3116,873,Keyboard,Bandung,1103.38,4,2026-04-02
3117,975,Headset,Surabaya,799.21,4,2026-04-18
3118,827,Mouse,Surabaya,366.5,2,2026-03-03
3119,473,Mouse,Bandung,114.72,1,2026-05-31
3120,897,Laptop,Bandung,9292.09,4,2026-02-02
3121,153,Webcam,Jakarta,625.98,3,2026-06-26
3122,328,Headset,Bandung,1521.69,4,2026-04-15
3123,126,Webcam,Makassar,983.5,3,2026-02-23
3124,918,Monitor,Jakarta,3456.84,4,2026-02-19
3125,354,Laptop,Jakarta,8376.55,3,2026-04-10
3126,192,Monitor,Medan,4633.32,4,2026-03-24
3127,461,Mouse,Surabaya,398.11,4,2026-06-18
3128,323,Headset,Bandung,312.65,2,2026-03-06
3129,426,Laptop,Medan,18506.25,3,2026-02-07
3130,44,Mouse,Bandung,305.11,4,2026-03-13
3131,930,Mouse,Bandung,267.15,1,2026-06-11
3132,370,Webcam,Surabaya,1040.17,3,2026-03-28
3133,3,Laptop,Medan,17258.82,5,2026-02-21
3134,217,Mouse,Surabaya,372.14,5,2026-03-12
3135,544,Monitor,Makassar,5974.52,5,2026-06-06
3136,202,Monitor,Jakarta,3819.81,5,2026-05-21
3137,298,Headset,Medan,375.67,3,2026-01-05
3138,418,Headset,Jakarta,1106.68,4,2026-04-29
3139,937,Headset,Makassar,692.61,3,2026-06-01
3140,229,Monitor,Surabaya,3201.13,1,2026-02-28
3141,685,Headset,Surabaya,971.18,1,2026-05-16
3142,235,Laptop,Bandung,19424.1,4,2026-03-03
3143,407,Laptop,Medan,8573.17,1,2026-03-12
3144,549,Headset,Medan,327.78,3,2026-06-03
3145,680,Laptop,Medan,19866.42,2,2026-05-17
3146,678,Headset,Surabaya,1625.45,2,2026-04-10
3147,575,Webcam,Surabaya,541.79,2,2026-01-04
3148,702,Monitor,Jakarta,3315.1,2,2026-05-03
3149,22,Laptop,Bandung,19172.98,3,2026-02-13
3150,674,Keyboard,Surabaya,740.25,4,2026-02-22
3151,747,Mouse,Surabaya,139.04,3,2026-03-21
3152,556,Webcam,Makassar,911.22,1,2026-02-09
3153,895,Laptop,Jakarta,19443.03,1,2026-03-11
3154,989,Mouse,Jakarta,405.96,3,2026-02-01
3155,513,Headset,Medan,1168.33,4,2026-06-21
3156,630,Keyboard,Jakarta,663.14,1,2026-04-01
3157,181,Monitor,Bandung,4181.22,3,2026-01-05
3158,933,Headset,Jakarta,1986.61,2,2026-02-07
3159,351,Mouse,Makassar,426.09,5,2026-02-19
3160,491,Webcam,Surabaya,423.83,4,2026-04-21
3161,107,Headset,Medan,661.01,2,2026-06-08
3162,653,Monitor,Makassar,4990.94,1,2026-02-28
3163,855,Webcam,Medan,845.97,4,2026-04-10
3164,330,Webcam,Surabaya,559.29,1,2026-01-10
3165,464,Mouse,Jakarta,328.38,1,2026-06-20
3166,957,Keyboard,Surabaya,740.19,1,2026-03-22
3167,883,Monitor,Jakarta,2536.32,1,2026-06-02
3168,534,Headset,Jakarta,1307.91,4,2026-05-07
3169,567,Headset,Surabaya,503.58,1,2026-06-13
3170,325,Mouse,Surabaya,314.83,4,2026-03-17
3171,40,Laptop,Jakarta,19268.58,2,2026-06-28
3172,265,Monitor,Bandung,3122.67,4,2026-01-20
3173,999,Headset,Surabaya,427.69,3,2026-03-18
3174,417,Laptop,Jakarta,19775.05,3,2026-02-17
3175,729,Laptop,Bandung,19176.92,5,2026-06-03
3176,873,Laptop,Surabaya,9360.49,3,2026-03-27
3177,326,Laptop,Bandung,14916.94,5,2026-01-21
3178,238,Laptop,Surabaya,11737.86,5,2026-05-19
3179,935,Laptop,Makassar,19222.51,5,2026-03-18
3180,929,Headset,Surabaya,470.74,4,2026-01-11
3181,320,Monitor,Jakarta,4631.59,3,2026-01-14
3182,141,Laptop,Jakarta,19387.81,5,2026-01-02
3183,110,Monitor,Jakarta,3876.89,3,2026-04-14
3184,555,Laptop,Surabaya,9905.68,5,2026-03-05
3185,84,Keyboard,Bandung,440.67,5,2026-06-29
3186,888,Laptop,Jakarta,13643.79,2,2026-02-13
3187,756,Webcam,Makassar,590.87,4,2026-01-02
3188,698,Headset,Surabaya,1280.37,2,2026-05-07
3189,561,Mouse,Jakarta,271.89,5,2026-06-20
3190,398,Mouse,Makassar,217.08,2,2026-04-14
3191,998,Headset,Medan,1848.27,3,2026-03-10
3192,256,Headset,Jakarta,1501.74,3,2026-06-15
3193,620,Monitor,Jakarta,5911.26,4,2026-06-01
3194,196,Webcam,Surabaya,953.04,5,2026-02-17
3195,834,Webcam,Makassar,495.98,2,2026-02-03
3196,729,Laptop,Bandung,19977.74,1,2026-01-19
3197,701,Monitor,Bandung,5860.88,3,2026-01-29
3198,589,Laptop,Bandung,16606.84,1,2026-04-16
3199,110,Keyboard,Bandung,781.2,2,2026-06-15
3200,805,Laptop,Surabaya,11901.34,4,2026-04-07
3201,676,Headset,Surabaya,1053.8,2,2026-06-12
3202,150,Mouse,Medan,241.27,2,2026-05-06
3203,501,Keyboard,Medan,263.61,1,2026-04-21
3204,475,Mouse,Jakarta,412.56,1,2026-04-28
3205,537,Keyboard,Bandung,737.43,3,2026-02-06
3206,291,Keyboard,Bandung,754.0,1,2026-05-02
3207,805,Headset,Jakarta,1297.02,3,2026-03-19
3208,660,Mouse,Medan,180.37,3,2026-05-03
3209,987,Monitor,Surabaya,2641.83,2,2026-04-23
3210,927,Mouse,Jakarta,412.4,4,2026-04-09
3211,225,Headset,Makassar,1391.21,2,2026-01-29
3212,275,Webcam,Surabaya,817.62,1,2026-03-11
3213,883,Webcam,Makassar,1039.57,4,2026-01-06
3214,65,Headset,Jakarta,710.08,3,2026-03-06
3215,830,Mouse,Makassar,442.34,5,2026-05-16
3216,944,Mouse,Medan,490.98,1,2026-02-08
3217,982,Laptop,Surabaya,17221.92,5,2026-04-18
3218,582,Keyboard,Jakarta,825.33,2,2026-01-28
3219,751,Keyboard,Medan,526.52,3,2026-05-31
3220,205,Webcam,Medan,935.87,5,2026-05-25
3221,578,Keyboard,Jakarta,693.9,5,2026-02-20
3222,912,Mouse,Surabaya,118.32,3,2026-04-02
3223,483,Mouse,Makassar,233.37,2,2026-04-21
3224,981,Headset,Jakarta,1472.54,1,2026-05-25
3225,918,Mouse,Bandung,264.29,1,2026-02-22
3226,479,Monitor,Makassar,5983.82,1,2026-01-27
3227,698,Headset,Medan,1521.33,2,2026-02-24
3228,224,Keyboard,Jakarta,247.6,1,2026-05-31
3229,419,Laptop,Surabaya,15716.23,4,2026-02-23
3230,96,Keyboard,Bandung,995.31,1,2026-03-06
3231,811,Headset,Makassar,1568.91,2,2026-01-12
3232,488,Webcam,Surabaya,832.86,1,2026-05-06
3233,837,Mouse,Medan,454.99,1,2026-01-23
3234,516,Headset,Bandung,1872.18,3,2026-01-01
3235,438,Webcam,Surabaya,1147.72,4,2026-05-23
3236,713,Mouse,Jakarta,395.56,5,2026-01-06
3237,684,Keyboard,Bandung,423.69,2,2026-03-01
3238,756,Laptop,Bandung,10350.27,2,2026-02-20
3239,136,Keyboard,Medan,279.66,4,2026-02-27
3240,634,Mouse,Jakarta,147.15,2,2026-04-04
3241,643,Keyboard,Medan,400.11,1,2026-02-10
3242,486,Monitor,Jakarta,2685.5,1,2026-05-17
3243,180,Webcam,Medan,486.82,2,2026-02-24
3244,75,Mouse,Medan,143.38,2,2026-06-29
3245,833,Mouse,Surabaya,385.48,5,2026-06-23
3246,544,Headset,Makassar,1973.49,4,2026-02-10
3247,849,Headset,Makassar,1422.88,2,2026-04-25
3248,436,Mouse,Makassar,434.68,4,2026-03-13
3249,324,Keyboard,Makassar,478.39,1,2026-02-20
3250,416,Keyboard,Medan,1204.33,4,2026-01-24
3251,896,Headset,Jakarta,1654.22,2,2026-01-14
3252,236,Webcam,Makassar,1159.65,1,2026-05-24
3253,491,Monitor,Makassar,4849.8,2,2026-01-14
3254,531,Mouse,Makassar,450.32,2,2026-03-03
3255,930,Laptop,Makassar,18299.64,5,2026-01-19
3256,248,Headset,Makassar,442.07,5,2026-05-18
3257,96,Keyboard,Surabaya,631.7,2,2026-02-15
3258,46,Monitor,Medan,5400.98,2,2026-02-05
3259,823,Mouse,Jakarta,307.18,5,2026-04-24
3260,74,Monitor,Makassar,2320.63,3,2026-04-28
3261,169,Webcam,Surabaya,1194.2,3,2026-01-08
3262,34,Laptop,Jakarta,17303.65,1,2026-01-08
3263,86,Keyboard,Bandung,1184.83,5,2026-01-21
3264,85,Webcam,Bandung,784.62,1,2026-04-23
3265,803,Headset,Surabaya,397.32,5,2026-01-07
3266,737,Mouse,Surabaya,225.14,1,2026-05-10
3267,662,Keyboard,Surabaya,539.05,1,2026-05-20
3268,833,Mouse,Makassar,367.26,5,2026-05-03
3269,295,Monitor,Makassar,5641.01,1,2026-02-08
3270,180,Keyboard,Makassar,1008.15,1,2026-03-22
3271,389,Monitor,Jakarta,4028.57,4,2026-01-07
3272,46,Headset,Jakarta,304.75,3,2026-03-04
3273,387,Keyboard,Surabaya,315.3,5,2026-03-12
3274,543,Mouse,Medan,251.09,1,2026-03-02
3275,423,Mouse,Surabaya,304.67,3,2026-04-05
3276,678,Laptop,Surabaya,11721.52,2,2026-05-28
3277,385,Webcam,Jakarta,842.03,1,2026-06-10
3278,482,Laptop,Medan,10495.0,4,2026-06-04
3279,877,Headset,Makassar,1082.04,3,2026-01-05
3280,791,Headset,Makassar,614.1,1,2026-01-16
3281,275,Laptop,Jakarta,18383.02,3,2026-05-16
3282,128,Headset,Makassar,1555.46,3,2026-06-10
3283,751,Keyboard,Bandung,911.72,4,2026-05-08
3284,902,Mouse,Makassar,177.54,2,2026-05-16
3285,664,Laptop,Medan,11213.59,2,2026-06-22
3286,68,Mouse,Medan,347.63,3,2026-02-13
3287,535,Headset,Surabaya,992.99,2,2026-01-06
3288,249,Monitor,Bandung,3473.03,5,2026-04-21
3289,220,Laptop,Surabaya,19529.28,3,2026-01-22
3290,474,Laptop,Medan,11499.5,4,2026-02-10
3291,364,Keyboard,Surabaya,1326.16,1,2026-02-17
3292,413,Mouse,Surabaya,235.97,2,2026-03-17
3293,197,Webcam,Jakarta,934.93,4,2026-04-07
3294,316,Monitor,Surabaya,5452.34,5,2026-05-28
3295,984,Headset,Makassar,1857.67,1,2026-02-27
3296,749,Laptop,Surabaya,10897.32,5,2026-05-13
3297,183,Keyboard,Surabaya,1143.14,2,2026-04-30
3298,625,Webcam,Jakarta,938.94,3,2026-01-10
3299,297,Webcam,Jakarta,1194.5,3,2026-03-03
3300,210,Mouse,Bandung,487.89,3,2026-02-19
3301,849,Headset,Surabaya,1298.11,1,2026-04-12
3302,746,Mouse,Bandung,422.38,1,2026-01-25
3303,729,Headset,Medan,1194.56,1,2026-05-20
3304,50,Headset,Bandung,709.86,1,2026-06-11
3305,696,Mouse,Medan,186.71,4,2026-06-14
3306,331,Mouse,Jakarta,452.95,1,2026-01-20
3307,980,Laptop,Makassar,17136.24,4,2026-03-25
3308,399,Laptop,Medan,19528.88,4,2026-05-22
3309,738,Headset,Jakarta,318.14,2,2026-02-23
3310,841,Laptop,Jakarta,15033.08,3,2026-04-17
3311,115,Headset,Bandung,1723.91,5,2026-01-04
3312,251,Webcam,Medan,667.08,4,2026-03-09
3313,747,Keyboard,Makassar,355.61,4,2026-01-01
3314,904,Headset,Bandung,965.99,5,2026-03-30
3315,138,Laptop,Jakarta,11734.73,1,2026-02-01
3316,892,Headset,Makassar,787.62,5,2026-03-16
3317,232,Mouse,Medan,311.96,3,2026-01-07
3318,601,Mouse,Medan,177.88,2,2026-02-25
3319,622,Headset,Makassar,551.4,2,2026-04-26
3320,282,Keyboard,Surabaya,743.75,1,2026-03-07
3321,957,Laptop,Surabaya,9560.63,5,2026-04-15
3322,964,Webcam,Jakarta,1063.67,1,2026-03-28
3323,244,Monitor,Medan,3714.68,1,2026-05-13
3324,711,Laptop,Jakarta,16956.11,4,2026-01-05
3325,962,Laptop,Bandung,18497.95,1,2026-05-14
3326,907,Mouse,Surabaya,256.24,5,2026-01-23
3327,838,Laptop,Medan,9847.9,4,2026-01-19
3328,329,Webcam,Bandung,479.96,2,2026-02-25
3329,261,Keyboard,Surabaya,267.67,4,2026-05-11
3330,564,Mouse,Medan,328.82,4,2026-06-10
3331,868,Monitor,Medan,5052.21,2,2026-06-09
3332,216,Headset,Surabaya,793.68,1,2026-01-30
3333,248,Keyboard,Makassar,206.45,5,2026-04-25
3334,799,Mouse,Surabaya,219.38,4,2026-06-20
3335,935,Headset,Makassar,532.04,1,2026-02-24
3336,240,Webcam,Surabaya,891.61,1,2026-01-14
3337,105,Webcam,Surabaya,761.23,1,2026-06-05
3338,842,Laptop,Makassar,12418.91,5,2026-05-29
3339,725,Laptop,Surabaya,11429.17,2,2026-01-05
3340,732,Monitor,Surabaya,4331.6,2,2026-04-14
3341,775,Headset,Makassar,1360.42,4,2026-06-09
3342,587,Monitor,Surabaya,5321.13,5,2026-06-03
3343,764,Webcam,Medan,471.72,5,2026-03-17
3344,149,Headset,Surabaya,1284.78,5,2026-03-05
3345,151,Keyboard,Makassar,333.83,1,2026-05-09
3346,909,Keyboard,Makassar,1004.42,2,2026-02-14
3347,912,Mouse,Jakarta,173.98,2,2026-03-17
3348,800,Mouse,Medan,261.68,5,2026-01-15
3349,418,Headset,Jakarta,1983.04,4,2026-02-09
3350,408,Webcam,Jakarta,765.75,4,2026-01-08
3351,658,Monitor,Bandung,4997.11,3,2026-05-24
3352,966,Webcam,Bandung,816.0,2,2026-03-25
3353,687,Webcam,Makassar,1126.29,2,2026-05-14
3354,142,Webcam,Makassar,1005.61,3,2026-01-01
3355,919,Keyboard,Medan,1353.47,1,2026-02-06
3356,924,Webcam,Makassar,888.01,3,2026-01-08
3357,563,Mouse,Medan,336.2,3,2026-05-20
3358,693,Mouse,Medan,364.37,1,2026-05-21
3359,392,Headset,Medan,886.02,1,2026-02-25
3360,16,Headset,Medan,1674.86,1,2026-06-22
3361,851,Webcam,Bandung,1013.19,5,2026-03-22
3362,586,Keyboard,Jakarta,527.51,2,2026-03-10
3363,409,Headset,Bandung,709.02,3,2026-05-11
3364,279,Webcam,Jakarta,1083.71,2,2026-05-03
3365,771,Mouse,Jakarta,102.61,5,2026-04-22
3366,615,Monitor,Medan,2250.42,1,2026-01-30
3367,854,Monitor,Makassar,2808.23,1,2026-06-21
3368,198,Headset,Surabaya,1700.05,1,2026-01-13
3369,969,Laptop,Medan,14333.75,5,2026-06-15
3370,286,Laptop,Surabaya,15558.34,1,2026-03-24
3371,56,Monitor,Medan,5094.62,5,2026-02-20
3372,893,Headset,Medan,1391.52,2,2026-01-13
3373,748,Keyboard,Bandung,1028.75,3,2026-01-05
3374,918,Monitor,Medan,3770.78,3,2026-04-11
3375,167,Laptop,Medan,18625.23,4,2026-04-16
3376,688,Mouse,Makassar,154.88,1,2026-05-23
3377,818,Laptop,Medan,16699.86,4,2026-04-09
3378,946,Laptop,Bandung,14785.06,5,2026-01-18
3379,788,Keyboard,Jakarta,716.46,5,2026-06-22
3380,547,Keyboard,Jakarta,1461.39,2,2026-02-21
3381,465,Mouse,Jakarta,474.9,3,2026-04-02
3382,733,Mouse,Bandung,237.9,4,2026-01-28
3383,479,Headset,Jakarta,1089.23,2,2026-02-12
3384,695,Laptop,Jakarta,15235.13,1,2026-04-08
3385,116,Mouse,Medan,195.19,5,2026-06-21
3386,326,Mouse,Medan,298.3,5,2026-03-30
3387,386,Laptop,Bandung,10619.04,1,2026-06-20
3388,559,Keyboard,Surabaya,543.98,1,2026-02-13
3389,886,Headset,Surabaya,381.24,4,2026-03-17
3390,523,Laptop,Jakarta,13173.92,3,2026-01-14
3391,243,Monitor,Bandung,4728.19,1,2026-04-12
3392,482,Headset,Jakarta,1877.06,4,2026-05-08
3393,684,Headset,Bandung,1855.79,1,2026-01-04
3394,854,Mouse,Jakarta,451.27,5,2026-05-18
3395,848,Mouse,Jakarta,351.31,3,2026-05-13
3396,953,Monitor,Bandung,4290.08,3,2026-05-06
3397,804,Webcam,Makassar,750.34,4,2026-03-01
3398,896,Headset,Bandung,1790.29,5,2026-02-15
3399,557,Webcam,Surabaya,726.74,3,2026-02-28
3400,587,Monitor,Jakarta,3971.3,5,2026-05-20
3401,737,Webcam,Medan,722.23,1,2026-04-27
3402,490,Webcam,Jakarta,722.13,4,2026-03-02
3403,922,Monitor,Makassar,5119.54,2,2026-01-04
3404,374,Laptop,Medan,14487.45,1,2026-06-18
3405,861,Mouse,Bandung,189.56,3,2026-03-25
3406,691,Mouse,Jakarta,496.86,3,2026-01-04
3407,796,Keyboard,Makassar,1485.54,1,2026-06-25
3408,272,Monitor,Makassar,2601.36,1,2026-05-14
3409,667,Mouse,Jakarta,492.68,2,2026-03-25
3410,582,Monitor,Medan,5019.85,1,2026-05-23
3411,605,Headset,Surabaya,699.87,5,2026-06-05
3412,555,Keyboard,Makassar,1328.5,2,2026-02-02
3413,914,Laptop,Surabaya,17580.62,5,2026-06-27
3414,748,Mouse,Makassar,273.26,5,2026-06-27
3415,257,Headset,Surabaya,1402.23,3,2026-06-05
3416,346,Webcam,Makassar,809.76,1,2026-06-15
3417,87,Keyboard,Surabaya,787.42,5,2026-05-10
3418,469,Laptop,Medan,9099.99,2,2026-03-02
3419,917,Headset,Medan,1060.88,4,2026-02-20
3420,553,Webcam,Bandung,420.97,5,2026-04-26
3421,282,Monitor,Jakarta,5854.09,1,2026-06-10
3422,680,Monitor,Medan,4441.73,4,2026-04-09
3423,555,Mouse,Makassar,329.84,4,2026-05-10
3424,510,Webcam,Bandung,1069.64,2,2026-03-23
3425,529,Headset,Bandung,1139.64,1,2026-06-14
3426,545,Keyboard,Makassar,200.85,2,2026-06-24
3427,641,Mouse,Surabaya,120.75,3,2026-01-08
3428,680,Keyboard,Medan,695.22,5,2026-03-26
3429,703,Monitor,Makassar,2153.26,1,2026-02-12
3430,287,Headset,Bandung,1623.24,3,2026-04-06
3431,275,Keyboard,Bandung,1414.5,4,2026-04-28
3432,608,Monitor,Bandung,2561.42,5,2026-03-17
3433,191,Webcam,Bandung,907.16,2,2026-06-24
3434,546,Webcam,Makassar,1077.39,4,2026-02-26
3435,888,Mouse,Makassar,484.19,5,2026-01-27
3436,349,Monitor,Bandung,3042.91,3,2026-02-17
3437,546,Keyboard,Medan,431.27,3,2026-04-10
3438,172,Headset,Bandung,986.21,5,2026-02-26
3439,890,Webcam,Bandung,674.66,5,2026-06-25
3440,379,Laptop,Bandung,18325.4,5,2026-01-28
3441,574,Webcam,Medan,695.39,1,2026-06-15
3442,502,Headset,Surabaya,1925.64,5,2026-03-25
3443,17,Headset,Surabaya,1585.18,3,2026-03-08
3444,230,Laptop,Bandung,11679.43,5,2026-01-31
3445,899,Webcam,Makassar,1059.46,1,2026-01-29
3446,936,Monitor,Makassar,3937.0,1,2026-02-20
3447,535,Webcam,Surabaya,865.58,3,2026-01-10
3448,89,Keyboard,Bandung,712.89,1,2026-03-25
3449,301,Monitor,Jakarta,3307.07,3,2026-02-21
3450,110,Mouse,Bandung,246.44,2,2026-04-18
3451,488,Webcam,Makassar,477.9,4,2026-04-25
3452,872,Keyboard,Jakarta,220.87,5,2026-03-10
3453,976,Mouse,Jakarta,213.39,1,2026-01-10
3454,795,Keyboard,Bandung,793.62,5,2026-05-16
3455,971,Laptop,Makassar,14284.65,5,2026-01-16
3456,620,Webcam,Bandung,1006.21,1,2026-03-11
3457,370,Mouse,Bandung,437.88,5,2026-05-23
3458,878,Keyboard,Medan,411.63,2,2026-03-26
3459,571,Monitor,Medan,2233.48,3,2026-05-30
3460,519,Monitor,Medan,4155.66,3,2026-03-18
3461,884,Mouse,Bandung,297.08,3,2026-05-11
3462,346,Webcam,Surabaya,833.08,3,2026-05-31
3463,433,Keyboard,Surabaya,1223.89,5,2026-03-15
3464,183,Headset,Bandung,817.72,5,2026-01-31
3465,991,Laptop,Medan,19824.63,1,2026-02-04
3466,955,Laptop,Jakarta,8514.5,3,2026-04-06
3467,655,Mouse,Makassar,358.94,2,2026-01-19
3468,982,Mouse,Bandung,357.06,1,2026-03-25
3469,890,Keyboard,Jakarta,470.85,3,2026-03-29
3470,493,Laptop,Makassar,10449.1,4,2026-05-23
3471,756,Mouse,Jakarta,213.56,3,2026-05-14
3472,538,Headset,Medan,955.9,5,2026-05-06
3473,148,Monitor,Bandung,3692.29,4,2026-03-16
3474,659,Monitor,Bandung,4987.6,2,2026-04-04
3475,867,Headset,Bandung,1862.71,3,2026-02-23
3476,973,Laptop,Makassar,10621.26,2,2026-05-20
3477,828,Laptop,Bandung,10285.08,1,2026-02-02
3478,205,Headset,Bandung,1793.73,1,2026-06-10
3479,313,Headset,Jakarta,400.27,1,2026-01-24
3480,533,Mouse,Medan,204.96,2,2026-02-22
3481,735,Headset,Medan,886.51,5,2026-02-12
3482,786,Monitor,Medan,4074.73,1,2026-06-20
3483,467,Mouse,Bandung,459.94,4,2026-04-29
3484,329,Keyboard,Surabaya,930.65,3,2026-05-04
3485,139,Monitor,Bandung,5450.95,1,2026-03-25
3486,146,Headset,Jakarta,1168.58,4,2026-04-08
3487,922,Webcam,Makassar,592.87,1,2026-04-11
3488,55,Headset,Bandung,1521.09,1,2026-06-15
3489,481,Mouse,Jakarta,282.87,2,2026-02-20
3490,454,Webcam,Bandung,1140.64,5,2026-02-17
3491,980,Laptop,Surabaya,10181.47,2,2026-05-28
3492,979,Headset,Makassar,663.97,4,2026-02-13
3493,979,Laptop,Medan,17592.84,5,2026-01-20
3494,656,Keyboard,Bandung,919.08,2,2026-03-02
3495,919,Mouse,Surabaya,361.33,2,2026-05-28
3496,877,Headset,Bandung,844.35,3,2026-03-10
3497,428,Laptop,Medan,16697.43,4,2026-05-07
3498,225,Mouse,Medan,215.94,1,2026-05-27
3499,341,Keyboard,Surabaya,950.89,4,2026-06-06
3500,733,Webcam,Jakarta,544.37,4,2026-06-04
3501,845,Headset,Medan,304.57,5,2026-02-14
3502,451,Laptop,Bandung,8665.25,2,2026-06-20
3503,923,Headset,Medan,1591.57,4,2026-01-29
3504,220,Monitor,Surabaya,2553.1,5,2026-05-13
3505,249,Mouse,Bandung,111.23,1,2026-02-04
3506,813,Keyboard,Medan,1147.96,1,2026-05-21
3507,193,Mouse,Jakarta,453.35,3,2026-05-22
3508,501,Headset,Medan,1181.66,5,2026-05-26
3509,449,Keyboard,Bandung,1101.32,3,2026-06-20
3510,527,Keyboard,Bandung,507.83,5,2026-04-11
3511,947,Laptop,Jakarta,10423.94,3,2026-03-19
3512,242,Monitor,Jakarta,5258.69,5,2026-03-24
3513,113,Monitor,Jakarta,3387.55,2,2026-02-23
3514,893,Webcam,Makassar,1118.83,1,2026-01-06
3515,798,Mouse,Makassar,166.99,5,2026-03-31
3516,680,Laptop,Jakarta,11633.49,4,2026-03-12
3517,670,Webcam,Makassar,554.28,5,2026-02-20
3518,934,Laptop,Makassar,12987.01,4,2026-01-22
3519,216,Webcam,Makassar,799.89,5,2026-01-30
3520,149,Monitor,Jakarta,4533.16,2,2026-01-30
3521,213,Mouse,Jakarta,446.69,4,2026-04-15
3522,478,Webcam,Bandung,442.8,5,2026-06-22
3523,92,Laptop,Jakarta,12590.98,1,2026-02-03
3524,936,Mouse,Jakarta,148.38,1,2026-04-25
3525,140,Webcam,Surabaya,929.37,5,2026-04-23
3526,955,Mouse,Bandung,470.19,2,2026-01-10
3527,301,Headset,Bandung,1033.46,3,2026-02-23
3528,550,Laptop,Bandung,13464.12,3,2026-05-14
3529,107,Mouse,Surabaya,170.45,1,2026-03-14
3530,24,Headset,Medan,1363.09,2,2026-03-28
3531,881,Laptop,Makassar,15979.08,2,2026-02-08
3532,611,Keyboard,Medan,367.45,5,2026-02-19
3533,718,Keyboard,Surabaya,1138.05,1,2026-06-17
3534,2,Mouse,Makassar,338.48,2,2026-06-27
3535,598,Monitor,Jakarta,5105.45,2,2026-04-27
3536,122,Mouse,Surabaya,176.3,3,2026-05-21
3537,335,Headset,Surabaya,958.53,2,2026-02-24
3538,867,Laptop,Surabaya,19298.15,2,2026-01-07
3539,145,Monitor,Jakarta,3689.84,3,2026-06-07
3540,166,Monitor,Bandung,4230.11,3,2026-01-16
3541,171,Headset,Makassar,404.58,1,2026-04-21
3542,437,Headset,Jakarta,1000.98,2,2026-02-02
3543,881,Keyboard,Makassar,1045.12,1,2026-03-29
3544,328,Keyboard,Bandung,1276.1,1,2026-02-26
3545,719,Webcam,Surabaya,425.91,1,2026-02-01
3546,18,Headset,Surabaya,1843.57,4,2026-05-08
3547,578,Webcam,Medan,694.85,3,2026-06-09
3548,67,Keyboard,Medan,967.16,3,2026-04-06
3549,292,Monitor,Bandung,5783.08,3,2026-05-03
3550,862,Laptop,Bandung,18041.24,3,2026-04-29
3551,445,Laptop,Jakarta,8529.48,1,2026-01-31
3552,817,Headset,Jakarta,365.84,1,2026-04-16
3553,568,Mouse,Jakarta,279.73,3,2026-01-24
3554,501,Mouse,Medan,306.51,5,2026-01-04
3555,530,Laptop,Surabaya,13373.13,2,2026-06-01
3556,32,Webcam,Jakarta,1179.36,1,2026-04-29
3557,87,Mouse,Makassar,116.98,4,2026-01-27
3558,253,Laptop,Medan,16551.46,3,2026-01-21
3559,993,Laptop,Surabaya,12333.45,5,2026-03-12
3560,504,Keyboard,Bandung,1241.33,2,2026-01-30
3561,721,Mouse,Jakarta,106.97,4,2026-02-16
3562,358,Headset,Makassar,1449.82,4,2026-04-20
3563,721,Monitor,Makassar,3015.04,1,2026-02-22
3564,124,Headset,Jakarta,867.4,2,2026-06-05
3565,413,Mouse,Medan,468.79,4,2026-04-11
3566,448,Mouse,Jakarta,241.29,1,2026-05-15
3567,247,Mouse,Medan,107.59,1,2026-03-10
3568,413,Monitor,Medan,2400.67,3,2026-06-10
3569,604,Laptop,Jakarta,17541.24,1,2026-04-25
3570,603,Monitor,Medan,2497.29,3,2026-01-10
3571,21,Webcam,Surabaya,868.45,5,2026-05-22
3572,70,Webcam,Makassar,1005.83,3,2026-05-27
3573,4,Keyboard,Bandung,1068.02,1,2026-03-23
3574,804,Mouse,Jakarta,202.21,5,2026-05-09
3575,39,Headset,Surabaya,1399.19,5,2026-05-08
3576,952,Monitor,Makassar,4116.75,4,2026-06-13
3577,230,Webcam,Jakarta,558.93,5,2026-04-23
3578,702,Laptop,Medan,12586.65,5,2026-03-16
3579,105,Monitor,Medan,5821.81,2,2026-02-25
3580,497,Keyboard,Jakarta,830.53,5,2026-03-10
3581,255,Mouse,Bandung,404.88,4,2026-02-16
3582,216,Webcam,Makassar,935.79,5,2026-03-16
3583,597,Headset,Jakarta,1992.64,4,2026-01-04
3584,69,Webcam,Surabaya,532.11,4,2026-06-19
3585,143,Laptop,Bandung,13607.22,5,2026-04-28
3586,840,Headset,Bandung,479.68,4,2026-01-15
3587,862,Mouse,Jakarta,352.33,3,2026-01-25
3588,871,Headset,Jakarta,699.86,5,2026-05-27
3589,526,Headset,Makassar,1804.42,5,2026-04-25
3590,923,Mouse,Jakarta,133.4,4,2026-01-06
3591,749,Headset,Makassar,1364.13,3,2026-06-19
3592,521,Laptop,Jakarta,19646.1,4,2026-03-08
3593,312,Headset,Bandung,573.22,1,2026-04-26
3594,970,Keyboard,Makassar,867.09,2,2026-05-27
3595,451,Headset,Surabaya,1044.04,1,2026-05-19
3596,177,Laptop,Jakarta,11114.01,1,2026-04-18
3597,486,Keyboard,Medan,1066.56,2,2026-02-18
3598,390,Headset,Jakarta,809.24,4,2026-01-24
3599,783,Webcam,Jakarta,1147.32,5,2026-05-08
3600,691,Headset,Surabaya,1645.49,5,2026-06-21
3601,434,Headset,Makassar,555.74,4,2026-05-29
3602,966,Webcam,Medan,931.67,1,2026-03-10
3603,45,Headset,Surabaya,689.87,1,2026-03-08
3604,927,Laptop,Makassar,13082.27,3,2026-04-20
3605,46,Monitor,Makassar,4569.31,2,2026-05-05
3606,291,Webcam,Makassar,846.55,3,2026-04-07
3607,363,Laptop,Medan,14972.4,4,2026-02-16
3608,300,Webcam,Jakarta,1107.81,4,2026-06-29
3609,656,Keyboard,Makassar,689.21,5,2026-03-05
3610,738,Keyboard,Makassar,758.1,3,2026-04-26
3611,524,Keyboard,Bandung,284.19,1,2026-02-09
3612,575,Keyboard,Jakarta,701.72,2,2026-04-02
3613,594,Mouse,Medan,210.09,5,2026-02-02
3614,1,Headset,Makassar,1932.26,2,2026-03-10
3615,548,Monitor,Makassar,4786.75,2,2026-06-07
3616,43,Monitor,Bandung,5940.05,4,2026-05-03
3617,155,Headset,Medan,1323.3,1,2026-04-19
3618,23,Headset,Jakarta,451.61,1,2026-02-24
3619,850,Laptop,Makassar,18752.72,2,2026-04-02
3620,678,Headset,Bandung,1997.58,2,2026-04-15
3621,111,Mouse,Bandung,290.04,4,2026-01-01
3622,350,Mouse,Bandung,117.52,3,2026-03-24
3623,570,Headset,Jakarta,981.03,1,2026-02-12
3624,369,Keyboard,Surabaya,844.27,3,2026-02-01
3625,632,Laptop,Medan,11814.6,1,2026-02-19
3626,714,Keyboard,Surabaya,236.73,5,2026-04-17
3627,412,Laptop,Medan,17067.27,4,2026-01-17
3628,791,Headset,Bandung,1490.33,5,2026-05-18
3629,587,Headset,Jakarta,1229.4,1,2026-04-13
3630,473,Headset,Bandung,464.73,1,2026-04-24
3631,278,Monitor,Makassar,5391.16,1,2026-02-27
3632,860,Keyboard,Makassar,440.12,4,2026-06-10
3633,386,Keyboard,Makassar,748.84,5,2026-06-08
3634,825,Mouse,Makassar,258.33,5,2026-05-21
3635,451,Keyboard,Makassar,695.51,3,2026-06-26
3636,914,Laptop,Surabaya,12083.42,3,2026-03-22
3637,823,Webcam,Jakarta,488.52,5,2026-02-04
3638,740,Headset,Bandung,399.6,4,2026-04-03
3639,253,Webcam,Medan,1111.32,1,2026-03-31
3640,117,Laptop,Medan,8943.28,1,2026-02-28
3641,853,Headset,Makassar,1579.6,5,2026-04-12
3642,213,Monitor,Surabaya,2994.21,2,2026-01-26
3643,528,Headset,Surabaya,857.01,5,2026-01-15
3644,389,Monitor,Jakarta,2196.61,5,2026-06-17
3645,667,Headset,Surabaya,1671.89,3,2026-05-16
3646,995,Headset,Surabaya,604.18,3,2026-04-07
3647,385,Webcam,Surabaya,1028.41,5,2026-06-07
3648,446,Monitor,Medan,3641.84,3,2026-04-22
3649,269,Mouse,Jakarta,428.08,3,2026-03-22
3650,434,Keyboard,Medan,1183.15,3,2026-05-18
3651,914,Laptop,Makassar,13407.46,3,2026-03-23
3652,988,Mouse,Bandung,412.5,5,2026-01-08
3653,436,Mouse,Bandung,442.81,3,2026-03-08
3654,819,Monitor,Medan,5133.12,2,2026-04-18
3655,345,Webcam,Surabaya,443.35,4,2026-06-11
3656,343,Headset,Makassar,889.94,1,2026-01-03
3657,712,Webcam,Medan,528.21,2,2026-01-31
3658,180,Mouse,Surabaya,172.42,4,2026-04-20
3659,988,Monitor,Medan,3242.47,2,2026-03-22
3660,628,Laptop,Medan,8332.99,1,2026-02-15
3661,288,Webcam,Jakarta,473.84,5,2026-03-06
3662,547,Headset,Medan,1988.73,1,2026-05-18
3663,16,Laptop,Medan,15065.72,4,2026-05-04
3664,729,Monitor,Makassar,2511.41,1,2026-02-14
3665,592,Headset,Surabaya,1054.95,1,2026-03-11
3666,457,Mouse,Medan,417.01,2,2026-06-13
3667,832,Monitor,Jakarta,2589.1,1,2026-02-12
3668,55,Mouse,Makassar,200.49,4,2026-03-29
3669,234,Monitor,Surabaya,4785.74,4,2026-05-17
3670,50,Monitor,Makassar,3401.42,2,2026-04-05
3671,272,Headset,Bandung,826.6,1,2026-06-21
3672,571,Webcam,Bandung,802.77,3,2026-04-03
3673,817,Keyboard,Jakarta,240.87,4,2026-03-07
3674,313,Webcam,Surabaya,628.17,4,2026-03-28
3675,758,Mouse,Bandung,438.2,1,2026-01-29
3676,144,Mouse,Bandung,473.86,4,2026-03-15
3677,789,Headset,Makassar,1601.09,4,2026-06-24
3678,963,Headset,Jakarta,1066.28,4,2026-02-22
3679,249,Webcam,Surabaya,916.05,2,2026-05-06
3680,174,Laptop,Bandung,18411.32,5,2026-05-18
3681,389,Webcam,Bandung,1055.72,4,2026-04-01
3682,732,Laptop,Makassar,8729.34,1,2026-06-05
3683,803,Monitor,Bandung,5306.81,3,2026-03-26
3684,732,Webcam,Bandung,426.56,5,2026-02-28
3685,333,Webcam,Makassar,802.43,2,2026-03-10
3686,640,Mouse,Surabaya,439.11,3,2026-01-04
3687,37,Webcam,Jakarta,811.76,4,2026-04-23
3688,486,Headset,Surabaya,1174.12,1,2026-04-19
3689,354,Mouse,Surabaya,201.64,3,2026-03-08
3690,269,Monitor,Jakarta,5303.41,2,2026-05-17
3691,901,Keyboard,Jakarta,817.64,5,2026-02-25
3692,462,Webcam,Makassar,485.72,3,2026-03-03
3693,660,Headset,Jakarta,550.04,4,2026-05-09
3694,525,Webcam,Surabaya,1099.31,4,2026-06-09
3695,582,Headset,Medan,1979.89,5,2026-05-12
3696,796,Mouse,Makassar,124.37,3,2026-05-04
3697,593,Webcam,Bandung,1070.01,1,2026-03-12
3698,860,Monitor,Bandung,3015.17,2,2026-01-10
3699,830,Laptop,Makassar,14485.36,4,2026-03-06
3700,180,Keyboard,Bandung,1375.93,5,2026-06-16
3701,232,Headset,Medan,576.65,2,2026-03-02
3702,582,Laptop,Bandung,19709.43,5,2026-05-08
3703,31,Monitor,Bandung,5774.81,5,2026-02-23
3704,177,Headset,Makassar,1871.06,5,2026-05-23
3705,947,Mouse,Bandung,158.28,1,2026-01-30
3706,16,Mouse,Bandung,170.29,1,2026-01-05
3707,65,Webcam,Makassar,708.75,4,2026-04-08
3708,118,Laptop,Jakarta,14095.08,5,2026-06-21
3709,889,Headset,Medan,1515.27,1,2026-01-03
3710,561,Laptop,Surabaya,10272.21,4,2026-01-24
3711,296,Laptop,Bandung,18772.89,3,2026-03-23
3712,666,Mouse,Jakarta,335.85,1,2026-05-04
3713,283,Monitor,Makassar,4566.06,2,2026-03-22
3714,317,Monitor,Makassar,3265.57,1,2026-01-09
3715,4,Mouse,Jakarta,282.82,4,2026-02-16
3716,4,Keyboard,Surabaya,1426.5,5,2026-04-08
3717,449,Laptop,Surabaya,8234.54,1,2026-04-22
3718,444,Webcam,Medan,737.67,1,2026-01-19
3719,14,Webcam,Medan,1132.91,3,2026-01-23
3720,726,Laptop,Bandung,19841.38,1,2026-04-25
3721,555,Keyboard,Jakarta,718.47,5,2026-03-10
3722,791,Headset,Medan,371.33,5,2026-01-04
3723,377,Headset,Bandung,1030.82,5,2026-02-21
3724,302,Headset,Bandung,942.47,5,2026-05-25
3725,637,Monitor,Bandung,3553.66,4,2026-01-04
3726,541,Mouse,Makassar,273.38,5,2026-05-14
3727,920,Webcam,Makassar,494.65,5,2026-06-24
3728,677,Webcam,Medan,1025.27,1,2026-04-04
3729,32,Keyboard,Makassar,757.38,3,2026-04-27
3730,865,Laptop,Makassar,13453.65,4,2026-01-06
3731,710,Headset,Bandung,515.06,1,2026-02-03
3732,442,Webcam,Surabaya,763.64,5,2026-05-28
3733,573,Mouse,Medan,105.88,1,2026-05-22
3734,876,Laptop,Makassar,12422.53,2,2026-01-19
3735,803,Monitor,Surabaya,3342.46,3,2026-01-31
3736,472,Monitor,Medan,3163.15,1,2026-06-21
3737,766,Mouse,Medan,218.72,5,2026-02-17
3738,803,Laptop,Jakarta,14501.73,5,2026-02-07
3739,288,Laptop,Makassar,16553.24,4,2026-02-05
3740,447,Keyboard,Bandung,411.53,5,2026-05-03
3741,343,Headset,Makassar,426.56,1,2026-03-09
3742,739,Webcam,Surabaya,613.12,2,2026-01-27
3743,844,Headset,Surabaya,1457.73,3,2026-05-05
3744,854,Laptop,Surabaya,13221.41,5,2026-02-02
3745,3,Headset,Bandung,514.76,3,2026-05-08
3746,851,Laptop,Makassar,8216.74,1,2026-01-17
3747,648,Monitor,Bandung,5701.36,3,2026-04-15
3748,282,Laptop,Medan,10060.12,2,2026-03-13
3749,868,Monitor,Bandung,4012.39,5,2026-06-06
3750,336,Webcam,Surabaya,404.05,1,2026-05-05
3751,533,Webcam,Makassar,546.21,3,2026-04-26
3752,247,Laptop,Bandung,19924.23,1,2026-04-10
3753,965,Headset,Surabaya,310.62,1,2026-01-16
3754,806,Keyboard,Makassar,1033.92,1,2026-01-24
3755,119,Headset,Surabaya,1957.03,5,2026-02-15
3756,865,Monitor,Jakarta,5924.22,1,2026-03-22
3757,191,Monitor,Jakarta,4990.13,1,2026-04-03
3758,233,Monitor,Jakarta,5283.26,2,2026-02-21
3759,45,Laptop,Medan,8850.56,4,2026-06-01
3760,322,Webcam,Jakarta,403.68,4,2026-03-07
3761,928,Webcam,Jakarta,1101.81,5,2026-03-21
3762,576,Webcam,Surabaya,959.3,2,2026-06-15
3763,145,Headset,Makassar,1096.15,5,2026-05-23
3764,587,Mouse,Medan,237.85,5,2026-03-07
3765,286,Monitor,Jakarta,3653.68,1,2026-06-09
3766,813,Webcam,Makassar,1140.56,4,2026-02-21
3767,825,Keyboard,Makassar,307.44,1,2026-01-10
3768,265,Keyboard,Jakarta,399.85,5,2026-06-19
3769,626,Monitor,Bandung,4738.41,1,2026-04-30
3770,914,Keyboard,Bandung,1462.07,3,2026-04-23
3771,263,Headset,Bandung,873.57,2,2026-04-18
3772,543,Laptop,Medan,18344.53,5,2026-04-22
3773,40,Webcam,Medan,758.24,5,2026-05-21
3774,225,Webcam,Surabaya,1112.8,5,2026-05-09
3775,200,Headset,Surabaya,1945.04,3,2026-02-28
3776,392,Webcam,Surabaya,724.71,2,2026-05-19
3777,49,Keyboard,Surabaya,268.99,4,2026-03-12
3778,722,Laptop,Medan,12321.27,5,2026-03-27
3779,361,Laptop,Surabaya,19531.05,2,2026-02-22
3780,579,Mouse,Jakarta,337.63,5,2026-03-27
3781,924,Keyboard,Jakarta,255.26,3,2026-01-08
3782,683,Headset,Jakarta,1812.12,1,2026-01-22
3783,103,Monitor,Makassar,5765.62,1,2026-06-03
3784,704,Laptop,Bandung,11942.41,3,2026-06-30
3785,966,Monitor,Medan,2215.93,2,2026-02-13
3786,650,Laptop,Medan,16605.04,3,2026-03-01
3787,323,Keyboard,Jakarta,1087.36,1,2026-01-22
3788,683,Mouse,Bandung,275.09,3,2026-05-25
3789,366,Laptop,Jakarta,9894.9,4,2026-06-29
3790,942,Laptop,Jakarta,11834.09,3,2026-02-24
3791,884,Webcam,Bandung,1125.2,3,2026-06-17
3792,703,Webcam,Makassar,607.7,5,2026-03-28
3793,33,Monitor,Surabaya,2175.3,4,2026-01-26
3794,784,Monitor,Bandung,5378.1,4,2026-06-02
3795,564,Laptop,Surabaya,16499.56,5,2026-06-22
3796,375,Webcam,Jakarta,1130.76,1,2026-01-13
3797,10,Monitor,Surabaya,5829.57,5,2026-02-25
3798,994,Keyboard,Jakarta,464.24,5,2026-01-31
3799,4,Keyboard,Surabaya,363.87,1,2026-02-24
3800,439,Laptop,Makassar,15338.9,3,2026-01-17
3801,74,Headset,Surabaya,1365.66,1,2026-02-26
3802,670,Keyboard,Makassar,1001.58,2,2026-05-20
3803,368,Keyboard,Bandung,1382.09,5,2026-03-29
3804,151,Laptop,Surabaya,12655.07,1,2026-01-16
3805,418,Monitor,Makassar,5762.28,1,2026-06-14
3806,20,Monitor,Makassar,3713.89,5,2026-01-16
3807,76,Headset,Medan,1519.12,4,2026-03-09
3808,46,Webcam,Bandung,1196.89,5,2026-03-10
3809,712,Webcam,Bandung,973.33,2,2026-06-19
3810,199,Headset,Surabaya,821.49,3,2026-02-27
3811,22,Laptop,Medan,13889.32,4,2026-02-10
3812,343,Keyboard,Jakarta,483.36,3,2026-01-03
3813,75,Monitor,Bandung,5941.47,3,2026-03-07
3814,134,Monitor,Bandung,3143.48,4,2026-05-18
3815,261,Mouse,Makassar,124.46,2,2026-06-19
3816,970,Headset,Bandung,672.02,2,2026-03-20
3817,339,Laptop,Jakarta,8182.8,1,2026-05-27
3818,41,Webcam,Medan,1071.14,1,2026-04-02
3819,251,Laptop,Makassar,14669.43,4,2026-05-11
3820,260,Mouse,Jakarta,160.59,1,2026-01-23
3821,394,Monitor,Medan,2879.78,2,2026-06-07
3822,950,Laptop,Surabaya,18756.62,3,2026-04-27
3823,343,Headset,Makassar,1642.92,5,2026-04-26
3824,332,Headset,Bandung,449.14,5,2026-06-01
3825,790,Monitor,Surabaya,2669.95,1,2026-03-01
3826,977,Mouse,Medan,368.41,2,2026-01-03
3827,906,Webcam,Bandung,766.06,3,2026-05-14
3828,192,Laptop,Surabaya,13543.32,4,2026-01-07
3829,712,Headset,Bandung,301.87,4,2026-01-30
3830,94,Keyboard,Bandung,493.34,5,2026-01-02
3831,186,Mouse,Medan,380.17,2,2026-01-26
3832,663,Headset,Bandung,414.79,5,2026-02-01
3833,535,Headset,Medan,1528.74,3,2026-05-25
3834,97,Monitor,Jakarta,5091.21,5,2026-04-22
3835,217,Headset,Surabaya,864.94,5,2026-01-21
3836,748,Headset,Surabaya,1267.26,4,2026-06-26
3837,997,Monitor,Bandung,4815.91,1,2026-04-08
3838,570,Headset,Jakarta,1505.01,3,2026-03-02
3839,491,Headset,Makassar,1758.74,1,2026-05-21
3840,385,Headset,Bandung,1164.48,5,2026-05-03
3841,921,Mouse,Makassar,210.44,3,2026-01-14
3842,674,Laptop,Makassar,9657.23,4,2026-02-11
3843,2,Laptop,Bandung,14614.4,5,2026-03-17
3844,550,Mouse,Bandung,154.11,2,2026-01-16
3845,259,Laptop,Surabaya,11344.94,3,2026-06-17
3846,217,Webcam,Bandung,1139.64,5,2026-01-29
3847,68,Monitor,Surabaya,4309.1,2,2026-06-29
3848,11,Webcam,Bandung,988.58,1,2026-02-02
3849,37,Webcam,Bandung,1182.94,3,2026-06-28
3850,153,Mouse,Bandung,152.23,4,2026-05-08
3851,368,Mouse,Jakarta,197.48,2,2026-01-11
3852,921,Mouse,Makassar,137.41,3,2026-01-13
3853,417,Keyboard,Medan,456.15,1,2026-03-30
3854,733,Headset,Bandung,1889.33,4,2026-04-27
3855,471,Keyboard,Medan,1374.02,1,2026-06-06
3856,551,Mouse,Bandung,407.16,1,2026-06-16
3857,166,Headset,Jakarta,1006.71,1,2026-05-01
3858,306,Monitor,Makassar,2163.51,2,2026-05-30
3859,768,Headset,Bandung,502.86,1,2026-03-09
3860,254,Webcam,Makassar,1056.94,1,2026-06-08
3861,397,Monitor,Bandung,2603.34,1,2026-02-21
3862,962,Laptop,Medan,13842.17,5,2026-01-15
3863,376,Monitor,Makassar,5539.19,4,2026-04-11
3864,472,Laptop,Medan,10806.41,4,2026-02-09
3865,87,Headset,Makassar,1667.11,3,2026-04-03
3866,62,Keyboard,Makassar,573.02,3,2026-03-18
3867,672,Laptop,Medan,19583.75,4,2026-02-20
3868,702,Keyboard,Makassar,1201.27,2,2026-05-26
3869,427,Keyboard,Jakarta,592.99,5,2026-04-07
3870,172,Monitor,Bandung,2517.9,2,2026-04-09
3871,138,Monitor,Jakarta,2353.84,2,2026-03-07
3872,222,Monitor,Bandung,5678.54,3,2026-06-17
3873,569,Webcam,Surabaya,613.24,2,2026-01-26
3874,696,Headset,Makassar,1381.59,1,2026-05-17
3875,753,Monitor,Makassar,5801.48,5,2026-01-26
3876,758,Headset,Medan,550.78,2,2026-03-21
3877,930,Webcam,Jakarta,926.41,5,2026-06-24
3878,390,Keyboard,Bandung,461.32,3,2026-03-03
3879,909,Mouse,Surabaya,478.89,2,2026-04-04
3880,683,Laptop,Surabaya,14379.55,2,2026-03-04
3881,267,Mouse,Jakarta,423.57,2,2026-01-20
3882,81,Webcam,Surabaya,1078.67,5,2026-05-08
3883,416,Laptop,Surabaya,19761.65,3,2026-04-05
3884,885,Monitor,Medan,5664.55,5,2026-06-22
3885,276,Monitor,Surabaya,5184.26,4,2026-05-31
3886,730,Webcam,Surabaya,977.4,3,2026-02-21
3887,370,Mouse,Medan,248.29,4,2026-03-11
3888,403,Monitor,Makassar,5107.68,4,2026-01-17
3889,442,Mouse,Surabaya,150.59,2,2026-03-29
3890,293,Keyboard,Jakarta,896.13,1,2026-05-27
3891,341,Headset,Surabaya,1163.68,3,2026-02-17
3892,779,Monitor,Makassar,2570.38,3,2026-05-28
3893,391,Monitor,Surabaya,5376.96,2,2026-01-29
3894,874,Mouse,Jakarta,281.28,3,2026-02-04
3895,246,Keyboard,Makassar,1483.49,3,2026-02-16
3896,395,Laptop,Surabaya,8631.67,3,2026-06-16
3897,558,Headset,Bandung,721.28,2,2026-04-17
3898,837,Laptop,Surabaya,17321.02,3,2026-02-24
3899,736,Laptop,Medan,14798.85,2,2026-06-18
3900,789,Monitor,Bandung,2417.0,1,2026-01-08
3901,547,Webcam,Jakarta,796.55,5,2026-04-02
3902,942,Mouse,Bandung,472.77,1,2026-04-05
3903,748,Headset,Medan,457.04,5,2026-03-13
3904,326,Mouse,Bandung,245.1,3,2026-02-15
3905,444,Headset,Medan,741.59,4,2026-01-13
3906,116,Monitor,Bandung,4571.26,2,2026-06-15
3907,957,Webcam,Jakarta,953.2,4,2026-03-29
3908,897,Webcam,Bandung,578.05,4,2026-04-29
3909,464,Mouse,Makassar,271.99,3,2026-04-15
3910,193,Mouse,Medan,101.36,3,2026-01-16
3911,662,Laptop,Surabaya,17783.49,4,2026-05-18
3912,65,Laptop,Surabaya,11905.8,5,2026-06-18
3913,47,Laptop,Jakarta,19049.3,4,2026-06-24
3914,183,Webcam,Bandung,452.57,2,2026-03-23
3915,475,Webcam,Bandung,495.93,1,2026-06-04
3916,309,Mouse,Makassar,376.92,1,2026-02-25
3917,782,Monitor,Makassar,5224.49,1,2026-05-07
3918,169,Laptop,Bandung,9459.48,4,2026-06-09
3919,355,Keyboard,Bandung,873.53,4,2026-02-15
3920,929,Webcam,Jakarta,880.75,2,2026-05-28
3921,744,Webcam,Medan,1027.27,3,2026-02-02
3922,737,Keyboard,Makassar,657.92,2,2026-03-02
3923,152,Mouse,Bandung,355.97,4,2026-02-28
3924,717,Headset,Bandung,1819.16,5,2026-06-05
3925,179,Laptop,Surabaya,12363.09,4,2026-06-26
3926,711,Mouse,Surabaya,190.2,2,2026-04-19
3927,438,Laptop,Makassar,12200.1,1,2026-05-01
3928,407,Laptop,Jakarta,14614.72,4,2026-01-12
3929,524,Mouse,Medan,342.85,1,2026-05-10
3930,827,Mouse,Bandung,252.45,1,2026-01-04
3931,504,Laptop,Bandung,12757.11,3,2026-06-15
3932,866,Headset,Bandung,1818.01,5,2026-06-23
3933,574,Webcam,Bandung,964.87,4,2026-06-20
3934,813,Webcam,Medan,1138.43,3,2026-05-17
3935,881,Keyboard,Medan,822.02,3,2026-04-24
3936,772,Keyboard,Bandung,388.69,2,2026-06-26
3937,157,Mouse,Bandung,467.86,5,2026-01-05
3938,650,Laptop,Makassar,11504.44,2,2026-03-30
3939,574,Webcam,Makassar,523.43,2,2026-02-15
3940,752,Keyboard,Medan,274.31,2,2026-06-08
3941,346,Mouse,Surabaya,362.44,4,2026-03-04
3942,854,Webcam,Medan,1091.59,2,2026-01-18
3943,876,Webcam,Jakarta,825.26,3,2026-04-12
3944,701,Monitor,Surabaya,2418.17,2,2026-01-02
3945,498,Webcam,Surabaya,583.29,5,2026-03-20
3946,791,Laptop,Makassar,11887.51,1,2026-06-18
3947,74,Mouse,Medan,169.81,1,2026-05-11
3948,804,Keyboard,Medan,498.01,4,2026-06-18
3949,375,Monitor,Jakarta,3255.32,3,2026-05-02
3950,47,Keyboard,Surabaya,526.86,1,2026-02-14
3951,960,Webcam,Jakarta,694.63,4,2026-03-10
3952,74,Laptop,Makassar,17197.13,3,2026-03-26
3953,439,Keyboard,Jakarta,940.45,1,2026-05-28
3954,739,Monitor,Makassar,5939.06,5,2026-03-24
3955,462,Headset,Medan,908.18,2,2026-01-16
3956,489,Laptop,Bandung,8217.92,2,2026-04-22
3957,1000,Mouse,Jakarta,128.45,4,2026-01-25
3958,140,Webcam,Jakarta,519.74,1,2026-02-21
3959,586,Mouse,Medan,462.37,5,2026-04-14
3960,474,Headset,Makassar,1400.35,4,2026-01-10
3961,580,Headset,Medan,666.55,2,2026-04-20
3962,503,Monitor,Bandung,2319.61,5,2026-02-17
3963,136,Monitor,Medan,4699.8,1,2026-04-28
3964,983,Keyboard,Makassar,1452.99,5,2026-06-09
3965,487,Webcam,Makassar,736.29,2,2026-06-13
3966,959,Mouse,Makassar,460.04,3,2026-02-21
3967,119,Headset,Jakarta,1370.94,4,2026-03-26
3968,317,Mouse,Jakarta,481.53,5,2026-06-13
3969,343,Mouse,Bandung,149.88,1,2026-02-10
3970,124,Headset,Jakarta,898.35,1,2026-03-31
3971,498,Monitor,Surabaya,5972.75,5,2026-06-13
3972,468,Keyboard,Medan,208.95,1,2026-01-01
3973,144,Monitor,Makassar,3857.07,3,2026-03-21
3974,558,Webcam,Medan,797.13,3,2026-05-27
3975,459,Headset,Medan,1869.71,1,2026-04-18
3976,836,Mouse,Medan,456.21,4,2026-06-26
3977,35,Keyboard,Surabaya,242.93,4,2026-03-04
3978,362,Keyboard,Bandung,811.34,1,2026-05-31
3979,757,Monitor,Surabaya,4260.19,5,2026-02-17
3980,986,Monitor,Medan,2316.31,5,2026-06-16
3981,367,Mouse,Makassar,378.38,2,2026-03-24
3982,211,Laptop,Surabaya,15122.77,1,2026-02-15
3983,377,Keyboard,Jakarta,409.97,2,2026-04-29
3984,424,Webcam,Bandung,741.25,2,2026-01-21
3985,874,Keyboard,Makassar,576.98,5,2026-06-08
3986,871,Headset,Makassar,1597.87,5,2026-04-11
3987,358,Keyboard,Medan,1054.7,2,2026-03-18
3988,996,Keyboard,Surabaya,1337.06,3,2026-02-26
3989,315,Webcam,Surabaya,1028.45,3,2026-06-06
3990,125,Monitor,Makassar,5712.01,5,2026-03-04
3991,772,Headset,Bandung,1717.43,3,2026-03-12
3992,593,Monitor,Surabaya,2905.66,3,2026-04-15
3993,271,Laptop,Makassar,17108.85,5,2026-02-13
3994,150,Mouse,Jakarta,337.33,5,2026-04-18
3995,132,Headset,Medan,1530.03,2,2026-05-28
3996,686,Headset,Makassar,1290.48,3,2026-01-26
3997,256,Mouse,Jakarta,486.94,5,2026-04-25
3998,133,Laptop,Bandung,9381.72,4,2026-01-12
3999,491,Keyboard,Surabaya,1369.01,5,2026-03-31
4000,198,Keyboard,Medan,681.71,4,2026-05-30
4001,136,Mouse,Jakarta,197.77,1,2026-03-19
4002,285,Headset,Medan,1742.04,4,2026-01-17
4003,152,Webcam,Makassar,578.76,1,2026-01-08
4004,145,Webcam,Surabaya,485.31,1,2026-02-22
4005,752,Monitor,Surabaya,5433.89,3,2026-05-16
4006,724,Headset,Medan,623.53,5,2026-03-28
4007,644,Webcam,Medan,1171.07,5,2026-04-21
4008,995,Laptop,Makassar,15313.81,1,2026-03-08
4009,723,Keyboard,Makassar,587.85,3,2026-06-28
4010,336,Monitor,Medan,2885.15,1,2026-02-27
4011,957,Headset,Makassar,930.68,2,2026-03-17
4012,912,Mouse,Bandung,431.53,2,2026-06-21
4013,759,Mouse,Jakarta,443.19,2,2026-03-21
4014,469,Keyboard,Bandung,544.66,2,2026-06-17
4015,111,Laptop,Surabaya,10783.89,4,2026-05-29
4016,426,Headset,Medan,1628.43,5,2026-01-08
4017,34,Headset,Surabaya,1508.28,2,2026-05-26
4018,882,Keyboard,Medan,1179.24,1,2026-02-09
4019,908,Webcam,Jakarta,917.31,4,2026-04-23
4020,911,Keyboard,Jakarta,805.56,2,2026-01-10
4021,310,Mouse,Surabaya,123.38,2,2026-05-18
4022,813,Keyboard,Jakarta,412.38,5,2026-06-06
4023,967,Keyboard,Medan,708.1,2,2026-04-25
4024,770,Keyboard,Bandung,458.66,2,2026-05-14
4025,157,Headset,Bandung,315.84,1,2026-02-04
4026,339,Monitor,Makassar,5966.03,2,2026-02-22
4027,899,Laptop,Bandung,8263.6,2,2026-03-06
4028,419,Monitor,Medan,2270.88,1,2026-06-21
4029,923,Monitor,Medan,3460.8,1,2026-04-23
4030,877,Monitor,Bandung,5103.62,5,2026-06-06
4031,356,Keyboard,Bandung,1368.24,1,2026-02-14
4032,285,Webcam,Surabaya,568.49,1,2026-02-14
4033,933,Mouse,Makassar,322.45,3,2026-05-05
4034,175,Mouse,Jakarta,186.71,2,2026-01-12
4035,131,Headset,Surabaya,1079.37,5,2026-01-05
4036,94,Monitor,Bandung,5830.45,2,2026-03-16
4037,54,Keyboard,Jakarta,771.15,4,2026-03-08
4038,677,Headset,Medan,1540.4,1,2026-05-02
4039,658,Webcam,Medan,656.89,3,2026-04-16
4040,109,Headset,Makassar,1890.72,2,2026-03-09
4041,52,Monitor,Surabaya,4559.28,2,2026-05-18
4042,894,Monitor,Bandung,5154.48,4,2026-06-11
4043,152,Keyboard,Makassar,1333.87,1,2026-02-16
4044,160,Keyboard,Makassar,252.13,5,2026-06-26
4045,352,Monitor,Medan,5033.0,3,2026-03-07
4046,937,Headset,Bandung,1910.16,4,2026-03-05
4047,643,Mouse,Medan,329.36,1,2026-02-17
4048,103,Mouse,Jakarta,134.38,1,2026-01-31
4049,544,Monitor,Makassar,2167.85,3,2026-06-26
4050,567,Monitor,Makassar,2199.99,1,2026-04-27
4051,876,Laptop,Medan,11496.18,1,2026-06-11
4052,955,Mouse,Makassar,160.42,1,2026-05-31
4053,995,Headset,Makassar,728.09,3,2026-02-15
4054,613,Keyboard,Jakarta,842.19,2,2026-02-14
4055,146,Monitor,Medan,4993.75,2,2026-02-26
4056,571,Monitor,Bandung,2654.2,3,2026-03-16
4057,154,Mouse,Jakarta,250.27,4,2026-06-23
4058,329,Webcam,Surabaya,872.88,4,2026-02-19
4059,931,Mouse,Jakarta,376.94,2,2026-02-21
4060,1000,Keyboard,Surabaya,592.65,1,2026-03-20
4061,515,Headset,Medan,1164.58,5,2026-03-26
4062,13,Keyboard,Medan,227.05,2,2026-01-03
4063,881,Keyboard,Makassar,1088.05,5,2026-06-25
4064,358,Laptop,Makassar,17193.06,3,2026-02-18
4065,807,Webcam,Medan,797.47,5,2026-06-29
4066,926,Mouse,Medan,270.86,2,2026-02-10
4067,971,Headset,Surabaya,1004.0,3,2026-02-17
4068,464,Monitor,Medan,3275.63,2,2026-02-10
4069,934,Keyboard,Makassar,399.69,4,2026-01-21
4070,908,Monitor,Surabaya,4170.95,2,2026-06-04
4071,138,Laptop,Surabaya,14872.46,2,2026-02-08
4072,607,Keyboard,Jakarta,292.74,4,2026-02-25
4073,44,Mouse,Makassar,227.1,5,2026-04-13
4074,239,Monitor,Bandung,3853.09,2,2026-06-15
4075,419,Mouse,Makassar,389.09,2,2026-01-11
4076,442,Monitor,Jakarta,3340.9,3,2026-06-09
4077,527,Laptop,Makassar,12075.71,2,2026-02-22
4078,742,Laptop,Bandung,15856.42,1,2026-01-12
4079,280,Headset,Makassar,1747.84,2,2026-06-30
4080,877,Mouse,Jakarta,427.57,1,2026-02-15
4081,871,Mouse,Jakarta,479.9,2,2026-01-20
4082,382,Webcam,Surabaya,809.09,1,2026-04-06
4083,552,Mouse,Medan,317.38,5,2026-05-08
4084,412,Keyboard,Jakarta,335.18,5,2026-01-29
4085,544,Keyboard,Surabaya,923.15,1,2026-04-10
4086,317,Keyboard,Bandung,1288.32,1,2026-01-11
4087,814,Monitor,Bandung,4280.07,5,2026-05-08
4088,453,Webcam,Makassar,784.35,3,2026-05-14
4089,336,Webcam,Medan,910.24,3,2026-04-13
4090,767,Keyboard,Jakarta,974.53,2,2026-02-25
4091,304,Webcam,Bandung,489.43,2,2026-04-22
4092,829,Mouse,Bandung,130.04,2,2026-01-05
4093,313,Webcam,Jakarta,436.38,2,2026-06-06
4094,260,Headset,Bandung,1652.92,1,2026-03-14
4095,751,Monitor,Makassar,5668.15,5,2026-06-29
4096,887,Laptop,Jakarta,13652.71,5,2026-04-25
4097,158,Monitor,Makassar,4437.64,5,2026-03-13
4098,590,Webcam,Makassar,477.23,2,2026-05-12
4099,716,Mouse,Jakarta,394.14,1,2026-01-15
4100,225,Monitor,Medan,3639.29,2,2026-06-30
4101,3,Laptop,Jakarta,12174.03,2,2026-02-11
4102,553,Keyboard,Bandung,907.16,2,2026-01-25
4103,4,Keyboard,Jakarta,624.63,2,2026-03-11
4104,251,Headset,Bandung,1234.72,1,2026-04-01
4105,567,Webcam,Bandung,1139.92,5,2026-02-13
4106,676,Headset,Makassar,406.16,4,2026-04-12
4107,547,Webcam,Medan,531.21,4,2026-04-22
4108,956,Mouse,Bandung,170.92,5,2026-02-22
4109,904,Headset,Makassar,1818.03,2,2026-02-24
4110,835,Monitor,Medan,5600.51,1,2026-05-10
4111,345,Webcam,Jakarta,1106.62,5,2026-04-14
4112,182,Monitor,Medan,2419.02,4,2026-05-22
4113,313,Laptop,Jakarta,19677.77,2,2026-02-09
4114,680,Headset,Bandung,641.91,2,2026-06-05
4115,157,Laptop,Makassar,18189.78,2,2026-03-31
4116,920,Mouse,Medan,394.87,1,2026-05-16
4117,489,Keyboard,Jakarta,727.88,4,2026-05-07
4118,395,Laptop,Jakarta,13069.9,3,2026-05-29
4119,172,Laptop,Makassar,14271.76,3,2026-03-05
4120,789,Laptop,Makassar,9529.23,5,2026-04-24
4121,980,Monitor,Jakarta,3842.58,5,2026-06-27
4122,114,Keyboard,Makassar,744.7,5,2026-06-14
4123,253,Headset,Surabaya,894.9,4,2026-02-15
4124,753,Webcam,Jakarta,1192.54,2,2026-06-29
4125,401,Monitor,Surabaya,4783.72,4,2026-05-17
4126,394,Mouse,Makassar,447.95,5,2026-01-25
4127,142,Keyboard,Medan,465.38,5,2026-05-10
4128,608,Headset,Bandung,883.83,2,2026-06-04
4129,280,Webcam,Medan,902.62,1,2026-04-24
4130,756,Keyboard,Bandung,953.13,5,2026-01-06
4131,456,Keyboard,Medan,385.54,5,2026-04-16
4132,434,Headset,Surabaya,406.98,4,2026-05-27
4133,634,Monitor,Medan,2086.37,1,2026-05-22
4134,801,Headset,Medan,821.89,4,2026-03-07
4135,573,Keyboard,Makassar,1305.79,3,2026-04-14
4136,283,Laptop,Makassar,10322.49,5,2026-05-10
4137,868,Keyboard,Jakarta,734.24,2,2026-03-15
4138,860,Monitor,Makassar,5774.9,3,2026-02-22
4139,409,Webcam,Makassar,829.15,5,2026-01-28
4140,390,Keyboard,Makassar,893.82,3,2026-03-16
4141,324,Laptop,Makassar,9999.98,5,2026-04-11
4142,897,Laptop,Surabaya,19578.23,1,2026-01-09
4143,168,Monitor,Bandung,5844.72,1,2026-04-12
4144,410,Keyboard,Makassar,982.38,1,2026-01-05
4145,861,Headset,Bandung,759.95,3,2026-04-02
4146,533,Laptop,Bandung,8006.54,5,2026-05-27
4147,569,Mouse,Jakarta,231.95,3,2026-06-20
4148,835,Headset,Makassar,702.83,5,2026-05-02
4149,269,Webcam,Jakarta,842.67,4,2026-03-02
4150,15,Mouse,Medan,415.32,1,2026-01-13
4151,1,Mouse,Jakarta,371.86,4,2026-06-23
4152,413,Laptop,Makassar,18663.25,5,2026-04-02
4153,661,Mouse,Jakarta,464.46,3,2026-04-10
4154,300,Laptop,Makassar,11132.71,5,2026-02-19
4155,846,Monitor,Makassar,4659.87,3,2026-04-21
4156,460,Headset,Jakarta,1154.51,4,2026-01-05
4157,670,Laptop,Makassar,13665.25,4,2026-06-14
4158,823,Laptop,Jakarta,9355.98,2,2026-04-20
4159,382,Webcam,Jakarta,438.08,3,2026-03-17
4160,311,Keyboard,Bandung,981.89,1,2026-04-11
4161,496,Keyboard,Surabaya,1441.1,5,2026-04-13
4162,839,Keyboard,Bandung,591.15,1,2026-04-07
4163,146,Mouse,Jakarta,229.44,3,2026-06-06
4164,612,Monitor,Medan,2547.71,4,2026-02-15
4165,189,Mouse,Jakarta,343.6,3,2026-03-02
4166,221,Webcam,Surabaya,751.66,1,2026-03-08
4167,511,Keyboard,Medan,1371.0,3,2026-05-19
4168,296,Webcam,Surabaya,697.89,2,2026-06-03
4169,448,Keyboard,Bandung,325.31,2,2026-05-17
4170,231,Keyboard,Jakarta,835.83,1,2026-02-05
4171,295,Keyboard,Surabaya,483.61,2,2026-06-29
4172,849,Headset,Jakarta,305.65,2,2026-04-11
4173,131,Webcam,Bandung,1157.2,1,2026-05-01
4174,243,Webcam,Bandung,906.65,4,2026-05-07
4175,161,Monitor,Surabaya,4144.29,5,2026-03-05
4176,633,Keyboard,Makassar,617.28,3,2026-05-22
4177,333,Mouse,Bandung,333.78,3,2026-02-13
4178,698,Keyboard,Bandung,1126.64,3,2026-01-26
4179,416,Laptop,Makassar,11932.3,3,2026-06-07
4180,87,Monitor,Jakarta,2218.96,1,2026-05-16
4181,873,Webcam,Jakarta,690.62,5,2026-01-24
4182,265,Monitor,Medan,3229.03,4,2026-02-28
4183,784,Keyboard,Bandung,663.61,2,2026-03-18
4184,449,Headset,Surabaya,490.63,4,2026-01-31
4185,365,Headset,Surabaya,1493.96,5,2026-04-28
4186,205,Keyboard,Surabaya,1301.63,5,2026-02-22
4187,38,Keyboard,Bandung,834.83,5,2026-01-08
4188,228,Mouse,Jakarta,311.94,4,2026-01-22
4189,895,Laptop,Bandung,10875.75,5,2026-06-03
4190,187,Monitor,Jakarta,4051.92,5,2026-05-17
4191,911,Mouse,Makassar,127.33,2,2026-05-03
4192,557,Monitor,Bandung,2038.57,5,2026-04-22
4193,189,Keyboard,Jakarta,607.5,1,2026-04-24
4194,709,Keyboard,Medan,624.73,2,2026-03-25
4195,747,Mouse,Medan,424.87,5,2026-01-13
4196,104,Headset,Makassar,1767.91,3,2026-04-19
4197,703,Monitor,Bandung,3170.15,4,2026-05-08
4198,90,Webcam,Medan,754.15,4,2026-02-11
4199,607,Monitor,Makassar,5728.57,3,2026-02-27
4200,215,Monitor,Bandung,4350.64,5,2026-03-07
4201,910,Monitor,Medan,3047.97,3,2026-01-14
4202,625,Headset,Makassar,1295.92,1,2026-06-26
4203,38,Laptop,Jakarta,14387.19,5,2026-03-29
4204,492,Mouse,Makassar,106.78,2,2026-06-25
4205,726,Keyboard,Bandung,323.76,1,2026-05-19
4206,609,Monitor,Makassar,3162.04,3,2026-02-13
4207,667,Keyboard,Medan,560.02,5,2026-05-13
4208,305,Headset,Makassar,1531.14,5,2026-04-05
4209,449,Mouse,Makassar,464.34,3,2026-05-06
4210,337,Webcam,Makassar,678.82,5,2026-02-02
4211,969,Headset,Jakarta,1732.4,1,2026-02-15
4212,147,Laptop,Medan,16942.31,4,2026-05-18
4213,624,Webcam,Jakarta,1056.0,3,2026-05-16
4214,554,Mouse,Makassar,462.92,4,2026-01-21
4215,474,Laptop,Surabaya,17007.35,5,2026-03-18
4216,938,Keyboard,Surabaya,1254.15,3,2026-02-22
4217,436,Monitor,Bandung,4092.29,4,2026-05-14
4218,108,Laptop,Bandung,16713.43,1,2026-02-23
4219,541,Headset,Surabaya,1578.38,5,2026-01-30
4220,794,Laptop,Makassar,10949.14,4,2026-05-18
4221,82,Keyboard,Surabaya,949.37,1,2026-06-08
4222,673,Webcam,Makassar,904.22,2,2026-01-27
4223,456,Monitor,Makassar,2187.98,3,2026-02-07
4224,574,Monitor,Medan,4340.8,2,2026-04-06
4225,92,Webcam,Surabaya,995.61,5,2026-01-06
4226,773,Webcam,Medan,1168.95,1,2026-06-21
4227,327,Mouse,Bandung,369.33,1,2026-02-01
4228,125,Headset,Bandung,1638.35,1,2026-01-03
4229,255,Headset,Bandung,1749.81,4,2026-03-20
4230,138,Webcam,Surabaya,679.65,2,2026-04-20
4231,44,Headset,Jakarta,1473.14,3,2026-05-17
4232,817,Laptop,Makassar,16606.15,1,2026-03-14
4233,336,Laptop,Bandung,11592.04,4,2026-02-22
4234,411,Laptop,Surabaya,19191.99,5,2026-05-08
4235,211,Monitor,Medan,2559.44,4,2026-01-21
4236,223,Webcam,Surabaya,807.73,5,2026-04-13
4237,582,Mouse,Bandung,241.29,5,2026-01-16
4238,722,Laptop,Surabaya,14534.63,4,2026-01-24
4239,376,Webcam,Surabaya,760.29,2,2026-01-23
4240,667,Keyboard,Medan,1266.53,2,2026-05-30
4241,500,Headset,Bandung,907.02,1,2026-01-26
4242,389,Keyboard,Bandung,710.75,5,2026-01-11
4243,676,Mouse,Makassar,464.41,4,2026-05-05
4244,187,Monitor,Jakarta,5421.04,5,2026-06-02
4245,432,Webcam,Medan,727.89,3,2026-03-05
4246,303,Mouse,Makassar,132.88,3,2026-03-07
4247,71,Webcam,Medan,461.23,1,2026-06-09
4248,714,Monitor,Surabaya,4538.42,2,2026-03-27
4249,549,Webcam,Surabaya,727.68,3,2026-01-11
4250,999,Keyboard,Jakarta,248.72,5,2026-05-20
4251,2,Mouse,Medan,492.05,1,2026-03-09
4252,147,Monitor,Medan,2834.12,2,2026-05-11
4253,894,Laptop,Surabaya,15605.12,3,2026-04-27
4254,119,Headset,Makassar,690.86,3,2026-02-24
4255,949,Laptop,Makassar,12941.14,1,2026-04-18
4256,508,Monitor,Surabaya,4780.69,5,2026-06-10
4257,989,Webcam,Jakarta,855.73,2,2026-05-10
4258,550,Keyboard,Makassar,861.89,3,2026-03-23
4259,773,Keyboard,Jakarta,1312.38,2,2026-03-26
4260,551,Webcam,Medan,508.63,4,2026-02-01
4261,465,Keyboard,Bandung,227.65,4,2026-05-22
4262,983,Headset,Jakarta,1641.02,4,2026-03-11
4263,795,Webcam,Jakarta,562.48,2,2026-06-01
4264,516,Headset,Jakarta,1162.34,2,2026-05-21
4265,482,Monitor,Surabaya,5847.2,2,2026-03-01
4266,220,Monitor,Surabaya,5043.92,4,2026-01-04
4267,850,Keyboard,Jakarta,502.31,1,2026-06-04
4268,13,Headset,Jakarta,1901.54,3,2026-02-19
4269,525,Webcam,Medan,1175.46,2,2026-05-20
4270,131,Monitor,Bandung,3394.72,2,2026-01-11
4271,947,Keyboard,Jakarta,1051.77,2,2026-03-01
4272,916,Laptop,Makassar,8418.2,3,2026-04-26
4273,473,Mouse,Jakarta,207.41,3,2026-01-17
4274,21,Laptop,Medan,16273.6,3,2026-01-26
4275,579,Mouse,Bandung,208.29,2,2026-05-22
4276,659,Laptop,Jakarta,15456.61,5,2026-03-21
4277,102,Webcam,Bandung,515.36,3,2026-05-20
4278,975,Monitor,Jakarta,4349.53,5,2026-05-02
4279,155,Webcam,Medan,1186.37,5,2026-04-15
4280,210,Mouse,Bandung,249.28,4,2026-03-18
4281,813,Mouse,Bandung,215.85,3,2026-06-27
4282,662,Webcam,Bandung,537.91,1,2026-01-28
4283,547,Headset,Jakarta,360.26,3,2026-04-08
4284,539,Monitor,Jakarta,4750.17,2,2026-01-13
4285,487,Laptop,Bandung,14553.86,4,2026-06-27
4286,669,Mouse,Jakarta,473.7,2,2026-01-09
4287,33,Headset,Surabaya,1625.04,2,2026-04-11
4288,915,Monitor,Bandung,2280.31,3,2026-02-20
4289,420,Headset,Makassar,353.0,3,2026-04-30
4290,488,Headset,Surabaya,351.04,1,2026-05-07
4291,250,Mouse,Surabaya,482.13,5,2026-01-04
4292,27,Monitor,Bandung,4461.34,1,2026-02-18
4293,771,Laptop,Medan,10059.98,1,2026-01-28
4294,210,Headset,Medan,1262.83,5,2026-05-01
4295,906,Laptop,Medan,13947.37,2,2026-01-31
4296,26,Keyboard,Surabaya,1331.18,3,2026-04-15
4297,812,Laptop,Medan,9331.51,2,2026-05-21
4298,828,Laptop,Medan,18010.82,4,2026-03-07
4299,314,Mouse,Medan,121.52,2,2026-02-27
4300,778,Keyboard,Surabaya,1313.88,2,2026-02-17
4301,370,Mouse,Jakarta,359.18,1,2026-02-06
4302,351,Mouse,Bandung,464.55,3,2026-01-22
4303,146,Webcam,Jakarta,866.67,3,2026-04-25
4304,817,Monitor,Bandung,3503.31,1,2026-02-23
4305,691,Mouse,Medan,356.62,3,2026-03-22
4306,97,Mouse,Bandung,288.13,1,2026-06-16
4307,477,Headset,Surabaya,1524.34,1,2026-06-23
4308,138,Keyboard,Surabaya,1275.31,3,2026-05-30
4309,554,Keyboard,Jakarta,696.94,2,2026-01-28
4310,109,Headset,Jakarta,843.44,5,2026-05-29
4311,945,Laptop,Bandung,17665.08,5,2026-04-14
4312,776,Webcam,Surabaya,986.01,5,2026-04-16
4313,262,Monitor,Makassar,3711.84,5,2026-06-22
4314,432,Mouse,Bandung,285.44,1,2026-01-03
4315,513,Headset,Surabaya,830.33,3,2026-01-07
4316,524,Webcam,Bandung,750.66,5,2026-01-23
4317,579,Laptop,Makassar,8390.35,3,2026-06-08
4318,867,Headset,Bandung,445.78,3,2026-01-12
4319,52,Monitor,Makassar,4947.91,5,2026-02-21
4320,403,Headset,Bandung,1717.13,3,2026-02-28
4321,286,Headset,Surabaya,1166.76,3,2026-04-25
4322,968,Laptop,Makassar,9892.64,2,2026-05-27
4323,989,Headset,Medan,841.55,4,2026-02-17
4324,152,Webcam,Jakarta,534.54,2,2026-02-21
4325,762,Webcam,Medan,949.06,2,2026-01-04
4326,368,Keyboard,Jakarta,1342.24,2,2026-01-01
4327,63,Laptop,Jakarta,14582.52,4,2026-03-05
4328,813,Keyboard,Medan,789.47,5,2026-01-29
4329,627,Laptop,Jakarta,14193.9,5,2026-05-26
4330,93,Laptop,Surabaya,9429.33,1,2026-01-06
4331,594,Laptop,Medan,14812.61,2,2026-03-02
4332,143,Webcam,Medan,561.23,4,2026-05-29
4333,690,Headset,Makassar,1535.48,5,2026-01-12
4334,398,Laptop,Makassar,17541.88,3,2026-03-18
4335,557,Laptop,Makassar,13103.09,3,2026-04-10
4336,251,Laptop,Jakarta,8276.69,5,2026-05-31
4337,528,Keyboard,Bandung,523.75,1,2026-01-25
4338,741,Mouse,Medan,132.99,1,2026-05-14
4339,904,Laptop,Surabaya,9109.6,5,2026-05-23
4340,662,Keyboard,Surabaya,628.64,2,2026-05-27
4341,986,Keyboard,Bandung,1464.61,2,2026-06-12
4342,267,Webcam,Jakarta,454.73,2,2026-03-24
4343,781,Mouse,Surabaya,265.15,1,2026-04-25
4344,330,Monitor,Makassar,4428.84,3,2026-03-14
4345,596,Webcam,Surabaya,1090.58,4,2026-04-24
4346,152,Webcam,Jakarta,476.39,5,2026-02-05
4347,274,Webcam,Jakarta,1048.09,5,2026-01-24
4348,706,Headset,Bandung,1865.11,2,2026-05-12
4349,458,Headset,Surabaya,1945.85,2,2026-04-11
4350,145,Laptop,Makassar,12159.81,1,2026-05-08
4351,269,Webcam,Surabaya,1123.87,4,2026-02-28
4352,809,Keyboard,Bandung,735.06,2,2026-02-26
4353,353,Monitor,Jakarta,2033.69,1,2026-02-10
4354,635,Laptop,Makassar,19405.01,5,2026-06-29
4355,340,Laptop,Makassar,9394.34,4,2026-01-18
4356,644,Mouse,Surabaya,238.38,1,2026-03-15
4357,682,Monitor,Jakarta,5533.48,1,2026-04-29
4358,617,Mouse,Bandung,122.15,4,2026-04-15
4359,25,Laptop,Jakarta,9533.44,2,2026-05-14
4360,147,Monitor,Jakarta,2118.5,2,2026-02-21
4361,926,Mouse,Makassar,394.0,4,2026-01-18
4362,360,Laptop,Bandung,8352.38,3,2026-05-17
4363,733,Keyboard,Jakarta,847.09,4,2026-04-22
4364,770,Keyboard,Bandung,1442.44,3,2026-03-21
4365,391,Webcam,Jakarta,1176.52,3,2026-06-17
4366,182,Mouse,Medan,267.58,2,2026-06-12
4367,308,Monitor,Jakarta,2428.28,1,2026-03-27
4368,243,Laptop,Surabaya,13990.65,2,2026-03-21
4369,504,Mouse,Surabaya,193.95,5,2026-04-18
4370,86,Monitor,Medan,4139.03,2,2026-03-23
4371,776,Laptop,Bandung,17912.6,2,2026-04-11
4372,464,Laptop,Makassar,12703.82,4,2026-06-30
4373,829,Monitor,Surabaya,5727.53,4,2026-02-09
4374,877,Mouse,Surabaya,493.43,5,2026-04-24
4375,906,Monitor,Makassar,3767.99,3,2026-06-09
4376,301,Monitor,Medan,5319.48,2,2026-05-29
4377,62,Webcam,Bandung,689.28,1,2026-04-16
4378,999,Laptop,Makassar,11639.7,5,2026-05-04
4379,309,Mouse,Bandung,194.12,3,2026-02-23
4380,315,Laptop,Surabaya,16712.7,4,2026-05-21
4381,157,Laptop,Bandung,9042.57,4,2026-03-06
4382,620,Webcam,Surabaya,530.9,3,2026-05-28
4383,805,Mouse,Jakarta,487.96,3,2026-03-14
4384,659,Laptop,Jakarta,9212.9,5,2026-05-07
4385,793,Mouse,Makassar,320.17,5,2026-02-07
4386,475,Mouse,Jakarta,442.87,4,2026-03-01
4387,315,Mouse,Surabaya,370.87,3,2026-05-09
4388,896,Headset,Bandung,1530.83,5,2026-05-13
4389,284,Headset,Medan,1212.63,4,2026-04-14
4390,266,Laptop,Surabaya,18160.91,1,2026-01-12
4391,187,Laptop,Bandung,17782.13,3,2026-03-21
4392,201,Webcam,Surabaya,465.81,2,2026-03-05
4393,884,Laptop,Jakarta,16498.8,1,2026-03-21
4394,626,Webcam,Makassar,739.11,2,2026-05-08
4395,146,Laptop,Makassar,12620.61,1,2026-02-21
4396,168,Laptop,Bandung,9260.41,4,2026-05-21
4397,848,Headset,Makassar,1327.46,1,2026-01-21
4398,92,Keyboard,Jakarta,1419.87,2,2026-03-18
4399,942,Monitor,Jakarta,2962.81,4,2026-01-26
4400,604,Monitor,Makassar,3659.76,1,2026-06-11
4401,776,Monitor,Bandung,5042.24,3,2026-06-25
4402,733,Headset,Jakarta,1526.99,3,2026-01-26
4403,596,Webcam,Surabaya,1076.32,4,2026-05-15
4404,337,Keyboard,Jakarta,1017.29,1,2026-02-22
4405,982,Monitor,Surabaya,2893.83,5,2026-02-12
4406,724,Laptop,Jakarta,13670.58,2,2026-05-23
4407,542,Webcam,Medan,818.07,1,2026-05-01
4408,141,Monitor,Makassar,5041.81,2,2026-04-30
4409,115,Monitor,Jakarta,3707.01,5,2026-06-26
4410,525,Laptop,Makassar,13639.78,2,2026-02-03
4411,916,Mouse,Makassar,451.65,5,2026-06-12
4412,394,Keyboard,Medan,837.53,1,2026-05-18
4413,203,Monitor,Surabaya,5350.01,1,2026-04-25
4414,900,Monitor,Makassar,5453.16,1,2026-02-16
4415,818,Keyboard,Makassar,219.4,5,2026-04-04
4416,804,Keyboard,Medan,1327.27,5,2026-01-09
4417,16,Mouse,Surabaya,367.65,3,2026-02-19
4418,818,Mouse,Bandung,450.54,2,2026-02-11
4419,994,Laptop,Medan,15020.96,4,2026-06-04
4420,685,Monitor,Makassar,3409.65,4,2026-03-08
4421,408,Webcam,Medan,415.94,4,2026-06-24
4422,700,Keyboard,Jakarta,768.01,1,2026-03-04
4423,592,Keyboard,Bandung,316.28,1,2026-01-30
4424,859,Monitor,Surabaya,5293.81,4,2026-01-19
4425,5,Monitor,Jakarta,2870.34,3,2026-01-12
4426,964,Webcam,Makassar,1013.48,2,2026-03-14
4427,869,Mouse,Jakarta,348.0,2,2026-05-28
4428,141,Keyboard,Makassar,1311.86,5,2026-01-17
4429,226,Laptop,Jakarta,11617.13,1,2026-04-19
4430,616,Laptop,Jakarta,11796.71,2,2026-01-12
4431,151,Laptop,Surabaya,18939.1,4,2026-05-02
4432,737,Keyboard,Makassar,1485.91,3,2026-04-14
4433,731,Mouse,Bandung,367.1,5,2026-03-26
4434,239,Keyboard,Makassar,317.93,1,2026-03-25
4435,18,Laptop,Surabaya,18945.01,4,2026-03-08
4436,788,Mouse,Medan,302.23,5,2026-04-19
4437,877,Laptop,Surabaya,13669.5,5,2026-03-28
4438,329,Webcam,Jakarta,509.45,1,2026-04-25
4439,930,Monitor,Surabaya,5228.72,2,2026-03-01
4440,607,Keyboard,Makassar,847.08,1,2026-03-29
4441,371,Keyboard,Bandung,689.29,1,2026-06-21
4442,832,Headset,Medan,573.32,4,2026-01-05
4443,158,Keyboard,Surabaya,765.67,3,2026-03-13
4444,433,Monitor,Medan,2565.39,3,2026-01-17
4445,453,Laptop,Jakarta,13528.31,1,2026-05-09
4446,475,Laptop,Surabaya,12611.29,3,2026-06-16
4447,493,Headset,Bandung,1117.96,1,2026-02-25
4448,101,Monitor,Surabaya,3227.58,2,2026-05-16
4449,17,Mouse,Medan,218.6,1,2026-03-19
4450,516,Keyboard,Medan,1073.23,4,2026-01-13
4451,166,Headset,Bandung,864.96,4,2026-06-25
4452,541,Monitor,Bandung,5574.01,2,2026-05-23
4453,529,Keyboard,Jakarta,783.3,4,2026-03-06
4454,140,Laptop,Medan,15832.43,4,2026-06-24
4455,212,Mouse,Medan,478.24,2,2026-03-28
4456,214,Webcam,Makassar,1173.52,4,2026-05-02
4457,428,Webcam,Bandung,686.51,2,2026-02-25
4458,915,Headset,Medan,1527.46,4,2026-06-05
4459,54,Monitor,Jakarta,5189.32,5,2026-05-14
4460,403,Headset,Bandung,599.82,3,2026-04-05
4461,797,Mouse,Surabaya,102.41,1,2026-06-25
4462,538,Headset,Bandung,1106.25,5,2026-04-18
4463,761,Laptop,Surabaya,15154.17,4,2026-04-20
4464,975,Keyboard,Jakarta,608.55,3,2026-04-16
4465,462,Laptop,Medan,14002.3,4,2026-05-08
4466,728,Keyboard,Surabaya,531.1,4,2026-01-20
4467,601,Webcam,Jakarta,592.99,5,2026-03-08
4468,151,Mouse,Medan,184.02,4,2026-02-03
4469,467,Webcam,Bandung,544.21,2,2026-02-14
4470,967,Webcam,Bandung,785.72,1,2026-01-20
4471,856,Monitor,Surabaya,4605.0,4,2026-04-20
4472,622,Laptop,Medan,9279.3,2,2026-01-15
4473,799,Keyboard,Bandung,1001.82,5,2026-04-06
4474,117,Keyboard,Surabaya,1288.29,4,2026-05-28
4475,567,Mouse,Jakarta,249.92,1,2026-04-19
4476,979,Headset,Jakarta,652.46,2,2026-02-17
4477,31,Mouse,Medan,497.96,5,2026-05-21
4478,15,Laptop,Surabaya,10212.62,4,2026-03-10
4479,508,Laptop,Jakarta,13067.63,1,2026-01-19
4480,462,Monitor,Jakarta,5686.36,1,2026-04-13
4481,947,Mouse,Medan,454.84,1,2026-03-29
4482,702,Laptop,Jakarta,11494.46,2,2026-02-23
4483,190,Monitor,Medan,2734.16,3,2026-04-07
4484,592,Mouse,Jakarta,445.21,4,2026-02-10
4485,577,Keyboard,Medan,763.2,2,2026-05-23
4486,6,Headset,Bandung,1928.43,1,2026-04-12
4487,775,Keyboard,Surabaya,279.13,3,2026-06-07
4488,747,Headset,Makassar,852.58,5,2026-02-26
4489,756,Headset,Bandung,516.27,2,2026-05-07
4490,185,Headset,Jakarta,572.11,5,2026-01-31
4491,842,Monitor,Bandung,3392.25,1,2026-03-18
4492,999,Headset,Medan,401.15,4,2026-04-18
4493,464,Monitor,Surabaya,5296.25,4,2026-02-12
4494,567,Webcam,Surabaya,684.72,2,2026-05-31
4495,501,Keyboard,Makassar,1173.59,5,2026-04-06
4496,24,Monitor,Jakarta,4022.66,5,2026-04-22
4497,309,Laptop,Medan,16978.2,3,2026-04-16
4498,867,Laptop,Bandung,8535.14,1,2026-06-20
4499,733,Laptop,Makassar,19517.97,2,2026-06-02
4500,48,Mouse,Bandung,408.66,3,2026-03-18
4501,904,Mouse,Makassar,113.03,3,2026-05-19
4502,587,Laptop,Makassar,10702.05,2,2026-03-31
4503,981,Mouse,Bandung,182.52,1,2026-02-12
4504,251,Keyboard,Jakarta,252.96,3,2026-06-16
4505,825,Keyboard,Surabaya,1309.56,1,2026-01-30
4506,634,Webcam,Bandung,1191.45,3,2026-03-26
4507,816,Webcam,Jakarta,580.83,4,2026-05-29
4508,517,Headset,Makassar,784.22,2,2026-06-09
4509,199,Mouse,Bandung,450.06,3,2026-03-05
4510,404,Mouse,Makassar,270.7,1,2026-05-18
4511,28,Keyboard,Makassar,1170.61,5,2026-06-15
4512,237,Laptop,Bandung,17979.84,3,2026-03-11
4513,93,Mouse,Makassar,123.01,3,2026-06-03
4514,403,Keyboard,Makassar,981.49,2,2026-01-15
4515,121,Mouse,Bandung,486.79,4,2026-02-20
4516,78,Monitor,Medan,3235.96,3,2026-03-13
4517,164,Laptop,Jakarta,12607.17,5,2026-03-10
4518,657,Laptop,Makassar,10437.79,4,2026-03-29
4519,638,Laptop,Makassar,9589.27,4,2026-04-25
4520,78,Webcam,Bandung,479.9,3,2026-03-01
4521,740,Monitor,Bandung,5776.62,3,2026-05-02
4522,327,Mouse,Makassar,351.82,4,2026-03-06
4523,393,Laptop,Bandung,16414.63,5,2026-04-19
4524,124,Monitor,Bandung,2105.8,5,2026-06-01
4525,163,Webcam,Makassar,1121.91,3,2026-02-05
4526,277,Laptop,Bandung,9994.58,1,2026-01-17
4527,363,Webcam,Bandung,1088.05,3,2026-01-03
4528,326,Laptop,Surabaya,10518.6,2,2026-01-26
4529,596,Webcam,Jakarta,639.61,1,2026-05-13
4530,872,Monitor,Medan,5669.3,4,2026-06-13
4531,144,Keyboard,Medan,987.1,2,2026-04-06
4532,710,Webcam,Surabaya,1087.98,2,2026-01-24
4533,514,Headset,Bandung,1503.93,3,2026-06-10
4534,818,Webcam,Surabaya,960.33,5,2026-01-29
4535,605,Mouse,Jakarta,221.0,5,2026-05-04
4536,505,Laptop,Medan,13912.51,4,2026-05-28
4537,204,Mouse,Bandung,403.02,5,2026-05-31
4538,572,Monitor,Surabaya,2381.1,5,2026-01-15
4539,170,Keyboard,Medan,1131.34,3,2026-04-21
4540,282,Laptop,Makassar,12002.52,5,2026-04-02
4541,753,Headset,Makassar,626.58,5,2026-02-13
4542,997,Keyboard,Medan,1123.78,4,2026-02-04
4543,415,Mouse,Jakarta,395.86,3,2026-04-12
4544,494,Mouse,Makassar,411.57,3,2026-03-20
4545,947,Mouse,Surabaya,394.85,1,2026-05-30
4546,402,Mouse,Makassar,163.61,2,2026-03-31
4547,9,Laptop,Makassar,10200.21,4,2026-02-13
4548,776,Keyboard,Medan,423.73,4,2026-02-18
4549,604,Keyboard,Bandung,1039.95,1,2026-02-13
4550,812,Mouse,Bandung,468.82,1,2026-03-15
4551,584,Headset,Bandung,1309.84,1,2026-06-05
4552,720,Webcam,Medan,715.54,4,2026-01-11
4553,138,Monitor,Medan,2000.99,3,2026-01-14
4554,986,Headset,Surabaya,1031.52,2,2026-01-18
4555,489,Keyboard,Jakarta,224.39,2,2026-06-07
4556,77,Laptop,Jakarta,14899.05,2,2026-04-05
4557,782,Mouse,Makassar,347.67,2,2026-02-11
4558,306,Monitor,Jakarta,2347.37,5,2026-02-26
4559,392,Laptop,Jakarta,13038.46,1,2026-05-16
4560,148,Monitor,Medan,4636.3,3,2026-04-13
4561,288,Monitor,Jakarta,5693.88,4,2026-01-15
4562,486,Monitor,Bandung,3563.69,2,2026-05-15
4563,731,Keyboard,Jakarta,219.14,3,2026-02-28
4564,475,Mouse,Bandung,208.55,1,2026-04-24
4565,846,Monitor,Bandung,5429.56,1,2026-02-22
4566,889,Mouse,Medan,145.87,5,2026-03-08
4567,290,Webcam,Jakarta,1172.0,3,2026-02-05
4568,962,Mouse,Jakarta,255.64,3,2026-03-15
4569,120,Webcam,Bandung,767.81,4,2026-05-01
4570,675,Monitor,Makassar,3448.05,4,2026-01-09
4571,433,Webcam,Bandung,1032.03,5,2026-03-16
4572,185,Headset,Jakarta,1691.94,4,2026-01-18
4573,485,Keyboard,Surabaya,330.11,5,2026-04-23
4574,21,Laptop,Medan,15436.67,5,2026-02-18
4575,177,Keyboard,Bandung,253.53,2,2026-03-15
4576,574,Mouse,Medan,223.06,3,2026-01-20
4577,788,Monitor,Bandung,2876.1,3,2026-04-20
4578,800,Keyboard,Bandung,851.28,4,2026-05-27
4579,262,Monitor,Makassar,5043.42,1,2026-02-12
4580,368,Keyboard,Makassar,680.64,2,2026-04-07
4581,863,Mouse,Medan,323.76,1,2026-03-13
4582,705,Monitor,Bandung,2791.44,4,2026-06-30
4583,273,Laptop,Jakarta,19751.03,1,2026-06-02
4584,348,Mouse,Makassar,449.76,3,2026-05-04
4585,760,Keyboard,Bandung,318.78,3,2026-03-02
4586,329,Headset,Makassar,327.21,1,2026-05-29
4587,800,Mouse,Medan,313.45,3,2026-06-22
4588,438,Laptop,Surabaya,13864.75,4,2026-01-25
4589,301,Mouse,Medan,302.08,5,2026-03-09
4590,283,Mouse,Medan,120.49,4,2026-01-22
4591,556,Monitor,Surabaya,5513.88,3,2026-04-17
4592,870,Monitor,Bandung,4717.75,4,2026-03-01
4593,414,Headset,Jakarta,925.16,3,2026-06-27
4594,90,Headset,Surabaya,1688.01,5,2026-05-27
4595,35,Laptop,Bandung,13433.74,2,2026-05-28
4596,864,Laptop,Jakarta,17324.85,3,2026-03-27
4597,42,Webcam,Medan,919.85,5,2026-04-09
4598,21,Keyboard,Bandung,672.34,4,2026-01-09
4599,346,Laptop,Bandung,16470.65,4,2026-03-10
4600,937,Monitor,Makassar,4036.78,2,2026-01-07
4601,406,Monitor,Medan,4663.49,1,2026-04-14
4602,483,Webcam,Jakarta,838.39,2,2026-02-16
4603,753,Mouse,Medan,264.13,4,2026-05-28
4604,658,Keyboard,Jakarta,998.6,5,2026-04-26
4605,521,Webcam,Makassar,744.73,2,2026-05-09
4606,779,Keyboard,Makassar,1250.84,1,2026-04-10
4607,483,Mouse,Makassar,265.88,3,2026-06-24
4608,833,Mouse,Makassar,377.44,5,2026-05-04
4609,410,Laptop,Surabaya,17585.84,3,2026-01-06
4610,865,Webcam,Surabaya,856.8,2,2026-01-31
4611,712,Monitor,Jakarta,3049.45,5,2026-04-19
4612,784,Webcam,Jakarta,836.05,4,2026-06-24
4613,741,Monitor,Jakarta,3628.54,2,2026-02-17
4614,860,Laptop,Jakarta,12826.63,2,2026-05-28
4615,954,Webcam,Jakarta,779.65,5,2026-05-29
4616,182,Headset,Makassar,436.16,5,2026-05-18
4617,953,Mouse,Medan,148.0,2,2026-04-18
4618,720,Keyboard,Bandung,1204.4,2,2026-04-29
4619,93,Monitor,Jakarta,4135.57,3,2026-06-06
4620,269,Mouse,Medan,334.92,2,2026-01-08
4621,212,Webcam,Makassar,828.45,2,2026-01-23
4622,691,Mouse,Surabaya,220.99,5,2026-06-27
4623,20,Laptop,Surabaya,12305.51,5,2026-06-06
4624,429,Monitor,Jakarta,5975.54,5,2026-02-15
4625,66,Headset,Surabaya,1693.19,4,2026-02-18
4626,3,Keyboard,Surabaya,1495.1,5,2026-02-11
4627,982,Keyboard,Bandung,929.83,5,2026-03-13
4628,675,Mouse,Jakarta,378.95,1,2026-04-30
4629,743,Headset,Jakarta,1004.28,5,2026-01-02
4630,396,Webcam,Medan,1163.08,3,2026-06-19
4631,228,Webcam,Jakarta,674.99,5,2026-05-29
4632,885,Laptop,Jakarta,12555.36,3,2026-05-29
4633,944,Webcam,Bandung,1121.0,5,2026-01-24
4634,337,Laptop,Bandung,19273.79,1,2026-01-30
4635,488,Laptop,Makassar,19727.92,4,2026-06-11
4636,306,Laptop,Medan,18558.03,2,2026-01-08
4637,526,Webcam,Makassar,425.16,1,2026-04-27
4638,164,Monitor,Bandung,4114.77,5,2026-04-17
4639,564,Mouse,Surabaya,433.17,5,2026-03-25
4640,771,Laptop,Jakarta,13491.72,5,2026-05-10
4641,676,Headset,Surabaya,1917.4,2,2026-06-14
4642,663,Monitor,Surabaya,2355.27,4,2026-05-19
4643,3,Monitor,Makassar,4741.69,5,2026-04-09
4644,880,Laptop,Bandung,17597.71,4,2026-04-11
4645,136,Laptop,Makassar,8397.12,2,2026-01-05
4646,246,Headset,Jakarta,1075.69,2,2026-04-18
4647,200,Webcam,Surabaya,624.49,2,2026-03-25
4648,823,Headset,Medan,1371.36,2,2026-06-14
4649,260,Keyboard,Makassar,1084.61,4,2026-01-02
4650,84,Mouse,Jakarta,394.31,3,2026-06-19
4651,953,Webcam,Bandung,638.61,3,2026-02-25
4652,418,Headset,Jakarta,1295.46,2,2026-02-27
4653,470,Keyboard,Bandung,211.64,5,2026-03-10
4654,584,Monitor,Medan,5291.67,1,2026-03-05
4655,625,Monitor,Medan,2003.08,3,2026-03-04
4656,385,Keyboard,Bandung,1297.8,3,2026-01-11
4657,361,Keyboard,Bandung,1107.92,4,2026-03-07
4658,514,Laptop,Makassar,17781.83,3,2026-03-13
4659,696,Laptop,Bandung,18484.45,3,2026-05-11
4660,560,Mouse,Jakarta,240.91,5,2026-04-26
4661,511,Mouse,Makassar,247.78,4,2026-04-16
4662,156,Mouse,Bandung,192.33,1,2026-04-08
4663,413,Monitor,Makassar,5101.85,5,2026-04-15
4664,291,Headset,Jakarta,519.89,5,2026-03-21
4665,581,Monitor,Bandung,2539.55,1,2026-03-07
4666,191,Headset,Makassar,957.82,2,2026-04-16
4667,578,Headset,Bandung,318.84,4,2026-04-12
4668,75,Monitor,Makassar,4333.63,2,2026-02-18
4669,914,Keyboard,Medan,993.35,5,2026-06-03
4670,674,Mouse,Makassar,465.93,5,2026-05-21
4671,254,Mouse,Surabaya,400.6,4,2026-04-13
4672,570,Headset,Medan,1507.2,4,2026-06-06
4673,192,Keyboard,Medan,216.06,1,2026-03-05
4674,261,Headset,Bandung,383.05,3,2026-06-05
4675,833,Mouse,Jakarta,230.95,5,2026-05-16
4676,764,Mouse,Makassar,133.86,2,2026-04-14
4677,11,Laptop,Jakarta,18761.66,3,2026-03-18
4678,51,Webcam,Medan,1143.96,2,2026-06-07
4679,742,Webcam,Jakarta,1165.27,3,2026-06-16
4680,678,Mouse,Jakarta,448.29,5,2026-01-19
4681,223,Keyboard,Jakarta,221.69,5,2026-05-28
4682,508,Keyboard,Bandung,1371.47,5,2026-05-01
4683,136,Laptop,Makassar,15354.77,4,2026-06-14
4684,336,Webcam,Medan,637.7,2,2026-03-17
4685,931,Laptop,Surabaya,15453.02,2,2026-01-15
4686,532,Mouse,Bandung,234.73,2,2026-01-08
4687,584,Monitor,Medan,3712.43,1,2026-06-09
4688,966,Keyboard,Makassar,1377.47,4,2026-02-02
4689,938,Headset,Makassar,1866.07,1,2026-06-16
4690,878,Keyboard,Medan,894.13,1,2026-01-22
4691,486,Webcam,Surabaya,596.8,1,2026-04-25
4692,631,Monitor,Medan,2402.02,5,2026-04-21
4693,586,Keyboard,Medan,398.82,3,2026-01-02
4694,318,Mouse,Surabaya,296.3,1,2026-02-11
4695,326,Mouse,Jakarta,362.66,4,2026-06-19
4696,634,Keyboard,Medan,326.01,1,2026-05-08
4697,502,Monitor,Bandung,4569.45,1,2026-05-08
4698,994,Keyboard,Jakarta,493.48,1,2026-05-28
4699,781,Webcam,Bandung,1172.8,2,2026-06-27
4700,342,Headset,Makassar,1315.95,1,2026-06-01
4701,204,Headset,Medan,628.74,4,2026-01-11
4702,195,Keyboard,Bandung,1253.47,3,2026-03-12
4703,867,Monitor,Surabaya,4199.8,1,2026-03-11
4704,506,Monitor,Jakarta,3775.73,5,2026-04-17
4705,887,Mouse,Bandung,226.09,1,2026-01-02
4706,709,Monitor,Medan,3285.41,5,2026-01-19
4707,806,Monitor,Jakarta,5909.83,5,2026-04-02
4708,92,Monitor,Bandung,5844.05,2,2026-05-18
4709,608,Keyboard,Jakarta,548.38,4,2026-02-19
4710,995,Keyboard,Jakarta,986.52,1,2026-05-23
4711,814,Keyboard,Makassar,201.89,3,2026-05-20
4712,760,Laptop,Jakarta,11851.53,4,2026-03-08
4713,278,Webcam,Makassar,713.92,3,2026-03-05
4714,617,Webcam,Jakarta,1137.46,1,2026-06-15
4715,504,Monitor,Jakarta,2202.31,1,2026-05-31
4716,252,Laptop,Surabaya,11827.2,3,2026-01-31
4717,553,Keyboard,Jakarta,1492.8,2,2026-06-04
4718,946,Webcam,Makassar,519.69,1,2026-05-19
4719,25,Webcam,Bandung,870.85,4,2026-02-11
4720,786,Webcam,Jakarta,590.84,3,2026-05-20
4721,568,Monitor,Surabaya,4513.37,1,2026-06-18
4722,456,Headset,Makassar,321.16,4,2026-03-24
4723,162,Headset,Surabaya,453.92,4,2026-03-14
4724,709,Monitor,Makassar,2826.59,2,2026-03-02
4725,351,Webcam,Medan,505.72,1,2026-02-18
4726,620,Monitor,Surabaya,3054.59,1,2026-05-09
4727,930,Headset,Jakarta,1595.55,4,2026-05-05
4728,44,Headset,Makassar,1249.26,1,2026-06-02
4729,173,Laptop,Jakarta,15193.82,5,2026-01-24
4730,554,Webcam,Surabaya,1092.52,1,2026-01-24
4731,205,Webcam,Bandung,1048.61,4,2026-01-26
4732,99,Keyboard,Makassar,558.38,3,2026-05-24
4733,49,Keyboard,Bandung,1240.45,2,2026-02-17
4734,674,Laptop,Jakarta,15128.0,4,2026-01-09
4735,303,Monitor,Bandung,2586.96,3,2026-02-27
4736,616,Monitor,Jakarta,3904.2,3,2026-04-04
4737,729,Keyboard,Surabaya,824.32,1,2026-05-17
4738,696,Webcam,Bandung,1134.83,2,2026-01-21
4739,455,Laptop,Surabaya,12684.82,1,2026-06-08
4740,587,Keyboard,Bandung,949.55,4,2026-05-05
4741,824,Monitor,Medan,2529.08,4,2026-02-16
4742,255,Keyboard,Makassar,688.71,1,2026-04-04
4743,238,Laptop,Bandung,16988.48,1,2026-05-17
4744,309,Laptop,Bandung,12487.64,5,2026-04-25
4745,7,Mouse,Medan,306.77,1,2026-03-26
4746,951,Laptop,Medan,10838.05,4,2026-04-12
4747,245,Monitor,Jakarta,3483.86,2,2026-05-16
4748,909,Webcam,Jakarta,917.58,4,2026-03-10
4749,858,Laptop,Makassar,14540.22,1,2026-01-03
4750,881,Mouse,Makassar,117.52,1,2026-02-12
4751,61,Webcam,Bandung,911.28,2,2026-04-04
4752,139,Laptop,Makassar,11147.51,2,2026-06-26
4753,205,Monitor,Surabaya,4273.69,5,2026-04-04
4754,237,Laptop,Makassar,15791.21,2,2026-04-11
4755,43,Laptop,Makassar,16599.29,4,2026-01-12
4756,137,Monitor,Surabaya,5668.93,4,2026-03-17
4757,678,Keyboard,Surabaya,1254.72,5,2026-02-05
4758,45,Keyboard,Surabaya,1171.32,5,2026-03-14
4759,711,Keyboard,Surabaya,492.67,1,2026-02-01
4760,571,Laptop,Makassar,9449.31,5,2026-06-02
4761,399,Keyboard,Surabaya,888.21,3,2026-03-14
4762,781,Keyboard,Medan,1474.46,2,2026-02-12
4763,612,Webcam,Surabaya,519.53,4,2026-06-07
4764,507,Laptop,Surabaya,16392.94,4,2026-01-04
4765,241,Monitor,Jakarta,5243.44,2,2026-03-21
4766,555,Monitor,Jakarta,3790.58,3,2026-04-25
4767,885,Webcam,Bandung,1006.22,4,2026-01-05
4768,135,Mouse,Surabaya,419.91,1,2026-04-04
4769,517,Keyboard,Jakarta,292.31,2,2026-06-24
4770,5,Laptop,Medan,10764.79,1,2026-04-19
4771,509,Laptop,Surabaya,13078.96,3,2026-05-15
4772,451,Headset,Jakarta,934.81,2,2026-03-07
4773,310,Laptop,Bandung,10943.54,3,2026-03-20
4774,453,Headset,Surabaya,396.24,4,2026-03-09
4775,750,Webcam,Surabaya,571.04,3,2026-06-27
4776,962,Monitor,Makassar,2217.66,4,2026-02-01
4777,587,Webcam,Jakarta,1006.78,5,2026-06-13
4778,590,Headset,Medan,1039.04,3,2026-04-14
4779,595,Mouse,Medan,232.04,1,2026-05-22
4780,241,Mouse,Surabaya,385.39,4,2026-03-09
4781,643,Webcam,Makassar,768.0,5,2026-01-02
4782,384,Webcam,Medan,439.34,2,2026-03-04
4783,764,Webcam,Medan,1078.05,1,2026-05-19
4784,272,Mouse,Jakarta,422.28,1,2026-05-25
4785,191,Mouse,Jakarta,341.39,4,2026-05-06
4786,248,Mouse,Bandung,440.12,2,2026-06-26
4787,724,Headset,Medan,661.59,2,2026-02-23
4788,580,Monitor,Surabaya,3036.31,2,2026-05-24
4789,944,Mouse,Surabaya,196.03,2,2026-04-12
4790,958,Monitor,Medan,4469.25,5,2026-06-17
4791,192,Keyboard,Bandung,771.08,2,2026-06-09
4792,956,Webcam,Bandung,579.07,5,2026-03-28
4793,668,Mouse,Jakarta,154.66,2,2026-01-06
4794,590,Laptop,Surabaya,16264.88,1,2026-01-17
4795,434,Headset,Bandung,687.52,2,2026-05-13
4796,286,Keyboard,Bandung,476.14,3,2026-05-07
4797,676,Laptop,Makassar,15091.88,2,2026-06-05
4798,10,Webcam,Medan,665.12,3,2026-01-22
4799,337,Keyboard,Surabaya,364.89,4,2026-01-15
4800,937,Monitor,Surabaya,3745.67,5,2026-06-09
4801,72,Mouse,Makassar,483.76,1,2026-01-08
4802,4,Webcam,Medan,1030.88,2,2026-02-24
4803,690,Mouse,Bandung,409.38,4,2026-06-10
4804,743,Mouse,Bandung,297.11,4,2026-04-30
4805,224,Mouse,Jakarta,265.67,5,2026-06-29
4806,984,Laptop,Medan,12821.71,3,2026-05-03
4807,29,Monitor,Jakarta,2829.34,3,2026-01-14
4808,244,Monitor,Jakarta,3340.23,3,2026-02-13
4809,639,Headset,Surabaya,529.96,3,2026-01-22
4810,746,Laptop,Medan,17493.02,3,2026-01-14
4811,136,Monitor,Surabaya,2074.01,4,2026-05-02
4812,801,Keyboard,Makassar,417.11,4,2026-04-18
4813,142,Keyboard,Makassar,1403.8,4,2026-02-10
4814,15,Laptop,Bandung,16479.06,2,2026-05-11
4815,679,Keyboard,Medan,1347.95,3,2026-04-16
4816,747,Laptop,Surabaya,14884.12,3,2026-03-22
4817,610,Monitor,Makassar,2835.46,5,2026-02-25
4818,602,Webcam,Makassar,943.51,5,2026-05-19
4819,726,Keyboard,Makassar,1226.47,3,2026-06-03
4820,936,Webcam,Makassar,741.8,5,2026-06-08
4821,911,Keyboard,Surabaya,218.47,3,2026-06-02
4822,720,Webcam,Bandung,514.34,4,2026-04-22
4823,304,Mouse,Bandung,152.72,2,2026-06-01
4824,264,Monitor,Jakarta,2523.05,2,2026-05-21
4825,600,Webcam,Makassar,1044.47,1,2026-06-19
4826,888,Laptop,Surabaya,15391.01,5,2026-03-28
4827,234,Keyboard,Jakarta,205.31,1,2026-02-16
4828,702,Monitor,Medan,4965.25,2,2026-02-05
4829,932,Mouse,Makassar,488.87,3,2026-05-08
4830,308,Mouse,Bandung,236.4,4,2026-05-10
4831,713,Monitor,Jakarta,5388.98,5,2026-05-15
4832,145,Mouse,Bandung,280.1,5,2026-06-16
4833,495,Laptop,Surabaya,15887.17,3,2026-01-18
4834,398,Headset,Jakarta,953.51,1,2026-02-21
4835,715,Webcam,Surabaya,860.43,3,2026-04-13
4836,314,Monitor,Makassar,4397.83,3,2026-04-11
4837,26,Webcam,Surabaya,812.25,4,2026-06-09
4838,276,Headset,Medan,627.76,5,2026-03-03
4839,995,Laptop,Makassar,18296.96,4,2026-02-09
4840,207,Monitor,Jakarta,2202.78,5,2026-01-16
4841,588,Mouse,Medan,133.47,4,2026-02-03
4842,8,Laptop,Medan,11871.82,3,2026-04-26
4843,701,Headset,Medan,1916.84,3,2026-05-08
4844,682,Headset,Medan,848.21,3,2026-05-07
4845,361,Laptop,Bandung,11057.19,4,2026-03-12
4846,6,Laptop,Jakarta,12636.98,4,2026-03-28
4847,534,Monitor,Makassar,5423.34,3,2026-06-24
4848,59,Keyboard,Jakarta,739.14,3,2026-03-07
4849,333,Laptop,Bandung,10101.5,3,2026-03-19
4850,267,Laptop,Makassar,15064.74,4,2026-03-17
4851,6,Mouse,Bandung,180.64,4,2026-05-17
4852,437,Laptop,Makassar,17306.38,3,2026-05-01
4853,889,Laptop,Jakarta,13431.62,2,2026-04-15
4854,199,Laptop,Makassar,11579.59,3,2026-02-09
4855,939,Mouse,Makassar,357.2,1,2026-02-14
4856,47,Webcam,Surabaya,985.06,5,2026-06-06
4857,754,Headset,Bandung,351.67,5,2026-03-13
4858,765,Laptop,Bandung,11229.38,5,2026-01-04
4859,598,Monitor,Jakarta,5294.69,4,2026-06-02
4860,497,Headset,Medan,529.38,3,2026-03-28
4861,157,Headset,Surabaya,486.18,3,2026-04-10
4862,625,Keyboard,Makassar,217.14,3,2026-01-11
4863,476,Mouse,Surabaya,401.4,4,2026-06-26
4864,504,Keyboard,Makassar,1465.79,1,2026-05-27
4865,330,Monitor,Bandung,4292.15,1,2026-03-28
4866,599,Webcam,Makassar,436.13,4,2026-01-01
4867,173,Webcam,Makassar,600.78,2,2026-06-16
4868,893,Laptop,Bandung,19633.36,3,2026-05-16
4869,615,Mouse,Surabaya,308.23,5,2026-01-05
4870,480,Mouse,Surabaya,161.43,2,2026-01-25
4871,578,Webcam,Medan,931.99,4,2026-03-15
4872,546,Monitor,Medan,3450.3,3,2026-01-30
4873,673,Keyboard,Jakarta,867.53,4,2026-03-10
4874,931,Webcam,Makassar,977.31,2,2026-01-01
4875,513,Headset,Bandung,1726.47,3,2026-06-14
4876,533,Monitor,Makassar,5223.92,3,2026-01-28
4877,585,Monitor,Bandung,2978.77,2,2026-02-13
4878,995,Monitor,Jakarta,4947.31,3,2026-05-21
4879,386,Webcam,Makassar,1005.4,2,2026-04-28
4880,431,Monitor,Surabaya,5712.37,2,2026-01-26
4881,870,Monitor,Bandung,4799.18,4,2026-04-14
4882,187,Headset,Bandung,1417.25,1,2026-04-06
4883,95,Headset,Jakarta,1096.86,5,2026-02-08
4884,302,Mouse,Medan,429.33,3,2026-05-25
4885,320,Monitor,Makassar,4195.04,1,2026-04-18
4886,951,Mouse,Bandung,153.41,2,2026-02-26
4887,670,Monitor,Jakarta,3801.24,5,2026-05-29
4888,28,Mouse,Bandung,191.2,5,2026-01-15
4889,37,Webcam,Medan,653.09,3,2026-05-19
4890,643,Webcam,Medan,444.5,5,2026-03-13
4891,830,Monitor,Medan,4323.7,3,2026-01-19
4892,643,Monitor,Medan,3985.6,3,2026-02-21
4893,608,Headset,Jakarta,1981.02,5,2026-05-19
4894,640,Webcam,Jakarta,1074.39,2,2026-04-29
4895,527,Laptop,Surabaya,14998.23,3,2026-05-07
4896,617,Laptop,Makassar,14972.37,3,2026-05-11
4897,624,Webcam,Medan,534.12,5,2026-02-23
4898,518,Keyboard,Makassar,865.24,4,2026-02-22
4899,538,Laptop,Bandung,19513.82,4,2026-04-13
4900,82,Mouse,Bandung,337.47,1,2026-02-16
4901,118,Webcam,Makassar,422.29,3,2026-01-23
4902,561,Headset,Jakarta,562.97,5,2026-06-15
4903,809,Headset,Makassar,1394.08,1,2026-05-11
4904,786,Mouse,Jakarta,359.54,4,2026-01-02
4905,938,Monitor,Medan,4861.07,5,2026-01-10
4906,895,Laptop,Jakarta,13456.18,2,2026-02-26
4907,493,Mouse,Makassar,321.93,4,2026-05-22
4908,622,Mouse,Bandung,209.96,5,2026-06-19
4909,953,Monitor,Surabaya,4429.89,4,2026-01-12
4910,249,Webcam,Surabaya,435.39,4,2026-03-25
4911,472,Headset,Makassar,1003.4,5,2026-02-27
4912,998,Mouse,Surabaya,241.73,4,2026-01-04
4913,820,Monitor,Medan,2944.5,1,2026-02-13
4914,861,Webcam,Bandung,480.12,3,2026-03-29
4915,648,Laptop,Surabaya,13279.74,1,2026-04-02
4916,131,Webcam,Jakarta,819.84,5,2026-06-04
4917,692,Webcam,Bandung,813.26,3,2026-03-09
4918,46,Keyboard,Surabaya,1476.41,5,2026-02-23
4919,108,Laptop,Surabaya,8766.7,4,2026-01-14
4920,668,Webcam,Jakarta,1002.03,2,2026-06-15
4921,813,Keyboard,Jakarta,457.99,5,2026-04-24
4922,117,Keyboard,Medan,1264.88,5,2026-06-04
4923,77,Webcam,Jakarta,866.22,4,2026-04-26
4924,633,Monitor,Makassar,2213.75,2,2026-03-01
4925,655,Keyboard,Surabaya,664.31,5,2026-03-16
4926,270,Monitor,Medan,4298.02,3,2026-01-07
4927,937,Mouse,Medan,390.25,4,2026-03-18
4928,834,Laptop,Jakarta,13184.08,2,2026-06-06
4929,327,Monitor,Bandung,5033.53,5,2026-06-19
4930,214,Laptop,Surabaya,14987.51,4,2026-04-04
4931,464,Webcam,Bandung,881.14,2,2026-06-19
4932,450,Mouse,Jakarta,303.62,5,2026-02-23
4933,728,Laptop,Bandung,14779.22,1,2026-03-26
4934,573,Keyboard,Surabaya,1035.29,2,2026-02-28
4935,180,Keyboard,Jakarta,688.69,3,2026-01-18
4936,564,Keyboard,Surabaya,898.81,5,2026-04-21
4937,817,Monitor,Jakarta,5786.94,2,2026-03-18
4938,299,Monitor,Medan,4836.08,4,2026-02-15
4939,745,Laptop,Surabaya,16916.13,5,2026-04-02
4940,558,Keyboard,Jakarta,1398.05,4,2026-03-10
4941,759,Headset,Jakarta,1021.98,4,2026-01-01
4942,345,Laptop,Bandung,18770.72,1,2026-05-12
4943,681,Laptop,Medan,14774.53,1,2026-06-15
4944,855,Keyboard,Jakarta,496.3,3,2026-03-12
4945,684,Monitor,Medan,4796.2,1,2026-06-30
4946,605,Keyboard,Makassar,464.41,4,2026-04-26
4947,295,Laptop,Bandung,15097.9,2,2026-05-18
4948,415,Keyboard,Bandung,1462.42,1,2026-02-08
4949,435,Webcam,Surabaya,1175.4,1,2026-05-28
4950,744,Webcam,Makassar,707.58,2,2026-01-30
4951,572,Mouse,Medan,250.84,4,2026-02-01
4952,615,Webcam,Medan,1191.96,4,2026-04-22
4953,976,Laptop,Jakarta,9674.6,3,2026-04-11
4954,938,Mouse,Surabaya,169.56,1,2026-02-04
4955,813,Mouse,Bandung,372.02,2,2026-03-10
4956,629,Headset,Makassar,367.35,2,2026-04-23
4957,996,Monitor,Makassar,2882.83,4,2026-05-05
4958,367,Headset,Jakarta,459.44,4,2026-06-07
4959,74,Keyboard,Bandung,1026.36,3,2026-04-14
4960,124,Keyboard,Surabaya,234.97,2,2026-02-24
4961,252,Keyboard,Jakarta,795.3,4,2026-04-03
4962,445,Keyboard,Bandung,1329.12,4,2026-01-14
4963,113,Headset,Medan,718.77,2,2026-04-08
4964,224,Laptop,Makassar,15014.68,3,2026-06-14
4965,391,Headset,Surabaya,905.23,2,2026-06-13
4966,188,Monitor,Medan,3502.52,3,2026-01-24
4967,306,Headset,Jakarta,344.75,5,2026-03-24
4968,3,Mouse,Surabaya,237.31,2,2026-03-11
4969,799,Keyboard,Surabaya,1337.51,4,2026-05-04
4970,145,Mouse,Makassar,464.24,2,2026-05-27
4971,1,Keyboard,Medan,1181.54,2,2026-01-17
4972,259,Keyboard,Surabaya,691.36,1,2026-04-06
4973,704,Monitor,Surabaya,4321.04,2,2026-02-08
4974,367,Laptop,Jakarta,11128.57,5,2026-04-28
4975,539,Headset,Medan,1302.4,3,2026-02-24
4976,66,Mouse,Jakarta,215.81,5,2026-03-24
4977,293,Mouse,Medan,298.22,4,2026-04-19
4978,98,Headset,Bandung,388.0,5,2026-04-06
4979,515,Laptop,Jakarta,9198.86,5,2026-05-03
4980,989,Mouse,Jakarta,224.81,5,2026-01-22
4981,333,Laptop,Jakarta,11002.05,4,2026-05-04
4982,548,Monitor,Bandung,4525.23,1,2026-05-05
4983,818,Headset,Jakarta,1232.95,1,2026-01-12
4984,630,Webcam,Medan,904.69,3,2026-04-19
4985,309,Mouse,Surabaya,404.39,1,2026-04-15
4986,658,Headset,Jakarta,542.74,4,2026-05-29
4987,673,Mouse,Bandung,469.8,1,2026-04-06
4988,965,Keyboard,Bandung,1118.75,2,2026-01-04
4989,414,Laptop,Jakarta,10216.23,1,2026-02-17
4990,982,Headset,Medan,1786.27,3,2026-06-28
4991,20,Webcam,Surabaya,1132.41,2,2026-02-13
4992,296,Webcam,Jakarta,476.67,2,2026-01-07
4993,414,Monitor,Medan,2146.67,3,2026-01-20
4994,263,Keyboard,Makassar,936.31,1,2026-01-25
4995,881,Monitor,Medan,5571.35,2,2026-05-13
4996,145,Mouse,Bandung,441.15,3,2026-01-10
4997,33,Keyboard,Bandung,1329.78,5,2026-02-03
4998,189,Webcam,Bandung,437.75,4,2026-02-05
4999,671,Laptop,Jakarta,19530.56,5,2026-01-12
5000,871,Laptop,Jakarta,17097.98,3,2026-05-17
